model,date,season,y,yhat
AUS/POAMA,2002-05-01,AMJ,0.54,-0.1
AUS/POAMA,2002-06-01,MJJ,0.75,-0.2
AUS/POAMA,2002-07-01,JJA,0.98,0.27
AUS/POAMA,2002-08-01,JAS,1.06,0.7
AUS/POAMA,2002-09-01,ASO,1.24,0.44
AUS/POAMA,2002-10-01,SON,1.47,0.64
AUS/POAMA,2002-11-01,OND,1.61,0.74
AUS/POAMA,2002-12-01,NDJ,1.54,0.88
AUS/POAMA,2003-01-01,DJF,1.22,1.05
AUS/POAMA,2003-02-01,JFM,0.9,0.87
AUS/POAMA,2003-03-01,FMA,0.53,0.1
AUS/POAMA,2003-04-01,MAM,0.13,0.01
AUS/POAMA,2003-05-01,AMJ,-0.1,-0.21
AUS/POAMA,2003-06-01,MJJ,-0.01,-1.06
AUS/POAMA,2003-07-01,JJA,0.17,-0.74
AUS/POAMA,2003-08-01,JAS,0.27,-0.24
AUS/POAMA,2003-09-01,ASO,0.36,-0.49
AUS/POAMA,2003-10-01,SON,0.48,-0.18
AUS/POAMA,2003-11-01,OND,0.52,0.16
AUS/POAMA,2003-12-01,NDJ,0.39,0.57
AUS/POAMA,2004-01-01,DJF,0.27,0.45
AUS/POAMA,2004-02-01,JFM,0.12,0.06
AUS/POAMA,2004-03-01,FMA,0.09,-0.13
AUS/POAMA,2004-04-01,MAM,0.14,0.33
AUS/POAMA,2004-05-01,AMJ,0.24,0.42
AUS/POAMA,2004-06-01,MJJ,0.38,0.24
AUS/POAMA,2004-07-01,JJA,0.57,0.28
AUS/POAMA,2004-08-01,JAS,0.76,0.05
AUS/POAMA,2004-09-01,ASO,0.82,0.38
AUS/POAMA,2004-10-01,SON,0.8,0.51
AUS/POAMA,2004-11-01,OND,0.81,0.83
AUS/POAMA,2004-12-01,NDJ,0.75,0.95
AUS/POAMA,2005-01-01,DJF,0.57,0.91
AUS/POAMA,2005-02-01,JFM,0.42,0.64
AUS/POAMA,2005-03-01,FMA,0.34,0.35
AUS/POAMA,2005-04-01,MAM,0.4,0.26
AUS/POAMA,2005-05-01,AMJ,0.45,0.49
AUS/POAMA,2005-06-01,MJJ,0.48,0.59
AUS/POAMA,2005-07-01,JJA,0.37,-0.09
AUS/POAMA,2005-08-01,JAS,0.18,-0.38
AUS/POAMA,2005-09-01,ASO,0.12,-0.52
AUS/POAMA,2005-10-01,SON,0.01,-0.79
AUS/POAMA,2005-11-01,OND,-0.2,-0.89
AUS/POAMA,2005-12-01,NDJ,-0.54,-0.67
AUS/POAMA,2006-01-01,DJF,-0.7,-0.82
AUS/POAMA,2006-02-01,JFM,-0.7,-1.34
AUS/POAMA,2006-03-01,FMA,-0.43,-1.31
AUS/POAMA,2006-04-01,MAM,-0.18,-0.74
AUS/POAMA,2006-05-01,AMJ,0.15,-0.34
AUS/POAMA,2006-06-01,MJJ,0.26,-0.54
AUS/POAMA,2006-07-01,JJA,0.38,-0.46
AUS/POAMA,2006-08-01,JAS,0.5,-0.39
AUS/POAMA,2006-09-01,ASO,0.69,0.01
AUS/POAMA,2006-10-01,SON,0.93,0.54
AUS/POAMA,2006-11-01,OND,1.13,0.54
AUS/POAMA,2006-12-01,NDJ,1.08,0.71
AUS/POAMA,2007-01-01,DJF,0.71,0.95
AUS/POAMA,2007-02-01,JFM,0.29,0.47
AUS/POAMA,2007-03-01,FMA,0.08,-0.3
AUS/POAMA,2007-04-01,MAM,-0.02,-0.52
AUS/POAMA,2007-05-01,AMJ,0,-0.78
AUS/POAMA,2007-06-01,MJJ,-0.14,-1.23
AUS/POAMA,2007-07-01,JJA,-0.24,-1.73
AUS/POAMA,2007-08-01,JAS,-0.54,-1.31
AUS/POAMA,2007-09-01,ASO,-0.92,-1.05
AUS/POAMA,2007-10-01,SON,-1.23,-1.34
AUS/POAMA,2007-11-01,OND,-1.44,-1.51
AUS/POAMA,2007-12-01,NDJ,-1.59,-1.8
AUS/POAMA,2008-01-01,DJF,-1.74,-1.68
AUS/POAMA,2008-02-01,JFM,-1.6,-1.53
AUS/POAMA,2008-03-01,FMA,-1.26,-1.6
AUS/POAMA,2008-04-01,MAM,-0.84,-1.05
AUS/POAMA,2008-05-01,AMJ,-0.58,-0.66
AUS/POAMA,2008-06-01,MJJ,-0.26,-0.21
AUS/POAMA,2008-07-01,JJA,-0.01,0.16
AUS/POAMA,2008-08-01,JAS,0.03,0.27
AUS/POAMA,2008-09-01,ASO,-0.11,0.19
AUS/POAMA,2008-10-01,SON,-0.21,0.12
AUS/POAMA,2008-11-01,OND,-0.4,-0.08
AUS/POAMA,2008-12-01,NDJ,-0.65,-0.14
AUS/POAMA,2009-01-01,DJF,-0.8,-0.37
AUS/POAMA,2009-02-01,JFM,-0.72,-0.64
AUS/POAMA,2009-03-01,FMA,-0.44,-0.22
AUS/POAMA,2009-04-01,MAM,-0.13,-0.26
AUS/POAMA,2009-05-01,AMJ,0.24,0.04
AUS/POAMA,2009-06-01,MJJ,0.59,0.65
AUS/POAMA,2009-07-01,JJA,0.77,1.06
AUS/POAMA,2009-08-01,JAS,0.84,1.31
AUS/POAMA,2009-09-01,ASO,0.88,1.26
AUS/POAMA,2009-10-01,SON,1.18,1.31
AUS/POAMA,2009-11-01,OND,1.51,1.26
AUS/POAMA,2009-12-01,NDJ,1.69,1.65
AUS/POAMA,2010-01-01,DJF,1.54,1.84
AUS/POAMA,2010-02-01,JFM,1.32,1.41
AUS/POAMA,2010-03-01,FMA,1.03,0.89
AUS/POAMA,2010-04-01,MAM,0.6,0.79
AUS/POAMA,2010-05-01,AMJ,0.05,0.53
AUS/POAMA,2010-06-01,MJJ,-0.51,-0.15
AUS/POAMA,2010-07-01,JJA,-0.89,-0.83
AUS/POAMA,2010-08-01,JAS,-1.25,-0.99
AUS/POAMA,2010-09-01,ASO,-1.46,-1.18
AUS/POAMA,2010-10-01,SON,-1.53,-1.4
AUS/POAMA,2010-11-01,OND,-1.52,-1.27
AUS/POAMA,2010-12-01,NDJ,-1.62,-1.2
AUS/POAMA,2011-01-01,DJF,-1.52,-1.19
AUS/POAMA,2011-02-01,JFM,-1.3,-1.33
AUS/POAMA,2011-03-01,FMA,-1.01,-0.83
AUS/POAMA,2011-04-01,MAM,-0.73,-0.31
AUS/POAMA,2011-05-01,AMJ,-0.46,0.02
AUS/POAMA,2011-06-01,MJJ,-0.27,0.38
AUS/POAMA,2011-07-01,JJA,-0.36,0.54
AUS/POAMA,2011-08-01,JAS,-0.55,0.34
AUS/POAMA,2011-09-01,ASO,-0.78,0.06
AUS/POAMA,2011-10-01,SON,-0.92,-0.27
AUS/POAMA,2011-11-01,OND,-1.02,-0.56
AUS/POAMA,2011-12-01,NDJ,-1.06,-0.65
AUS/POAMA,2012-01-01,DJF,-0.94,-0.56
AUS/POAMA,2012-02-01,JFM,-0.78,-0.98
AUS/POAMA,2012-03-01,FMA,-0.55,-0.75
AUS/POAMA,2012-04-01,MAM,-0.34,0.05
AUS/POAMA,2012-05-01,AMJ,-0.04,0.11
AUS/POAMA,2012-06-01,MJJ,0.27,0.31
AUS/POAMA,2012-07-01,JJA,0.52,0.71
AUS/POAMA,2012-08-01,JAS,0.59,0.7
AUS/POAMA,2012-09-01,ASO,0.51,0.59
AUS/POAMA,2012-10-01,SON,0.39,0.53
AUS/POAMA,2012-11-01,OND,0.19,0.2
AUS/POAMA,2012-12-01,NDJ,-0.05,0.42
AUS/POAMA,2013-01-01,DJF,-0.31,0.07
AUS/POAMA,2013-02-01,JFM,-0.34,-0.63
AUS/POAMA,2013-03-01,FMA,-0.24,-0.45
AUS/POAMA,2013-04-01,MAM,-0.2,0.11
AUS/POAMA,2013-05-01,AMJ,-0.19,-0.21
AUS/POAMA,2013-06-01,MJJ,-0.26,-0.73
AUS/POAMA,2013-07-01,JJA,-0.27,-0.85
AUS/POAMA,2013-08-01,JAS,-0.21,-0.9
AUS/POAMA,2013-09-01,ASO,-0.23,-0.31
AUS/POAMA,2013-10-01,SON,-0.13,-0.1
AUS/POAMA,2013-11-01,OND,-0.12,-0.29
AUS/POAMA,2013-12-01,NDJ,-0.18,-0.14
AUS/POAMA,2014-01-01,DJF,-0.37,-0.16
AUS/POAMA,2014-02-01,JFM,-0.43,-0.45
AUS/POAMA,2014-03-01,FMA,-0.18,-0.52
AUS/POAMA,2014-04-01,MAM,0.16,-0.17
AUS/POAMA,2014-05-01,AMJ,0.39,0.56
AUS/POAMA,2014-06-01,MJJ,0.37,0.65
AUS/POAMA,2014-07-01,JJA,0.28,0.29
AUS/POAMA,2014-08-01,JAS,0.28,-0.16
AUS/POAMA,2014-09-01,ASO,0.38,0.07
AUS/POAMA,2014-10-01,SON,0.6,0.31
AUS/POAMA,2014-11-01,OND,0.71,0.45
AUS/POAMA,2014-12-01,NDJ,0.72,0.63
AUS/POAMA,2015-01-01,DJF,0.62,0.58
AUS/POAMA,2015-02-01,JFM,0.56,0.4
AUS/POAMA,2015-03-01,FMA,0.64,0.46
AUS/POAMA,2015-04-01,MAM,0.8,0.67
AUS/POAMA,2015-05-01,AMJ,1.04,0.95
AUS/POAMA,2015-06-01,MJJ,1.32,1.46
AUS/POAMA,2015-07-01,JJA,1.66,1.64
AUS/POAMA,2015-08-01,JAS,1.98,1.97
AUS/POAMA,2015-09-01,ASO,2.27,2.31
AUS/POAMA,2015-10-01,SON,2.57,2.45
AUS/POAMA,2015-11-01,OND,2.74,2.66
AUS/POAMA,2015-12-01,NDJ,2.79,2.68
AUS/POAMA,2016-01-01,DJF,2.61,2.6
AUS/POAMA,2016-02-01,JFM,2.23,2.06
AUS/POAMA,2016-03-01,FMA,1.72,1.8
AUS/POAMA,2016-04-01,MAM,1.02,1.3
AUS/POAMA,2016-05-01,AMJ,0.42,0.83
AUS/POAMA,2016-06-01,MJJ,-0.1,-0.76
AUS/POAMA,2016-07-01,JJA,-0.38,-1.12
AUS/POAMA,2016-08-01,JAS,-0.54,-0.91
AUS/POAMA,2016-09-01,ASO,-0.62,-0.75
AUS/POAMA,2016-10-01,SON,-0.63,-0.61
AUS/POAMA,2016-11-01,OND,-0.57,-0.59
AUS/POAMA,2016-12-01,OND,-0.43,-0.65
AUS/POAMA,2017-01-01,DJF,-0.2,-0.41
AUS/POAMA,2017-02-01,JFM,-0.03,-0.29
AUS/POAMA,2017-03-01,FMA,0.2,0.24
AUS/POAMA,2017-04-01,MAM,0.3,0.55
AUS/POAMA,2017-05-01,AMJ,0.44,0.38
AUS/POAMA,2017-06-01,MJJ,0.47,0.3
AUS/POAMA,2017-07-01,JJA,0.26,-0.26
AUS/POAMA,2017-08-01,JAS,-0.07,-0.15
AUS/POAMA,2017-09-01,ASO,-0.35,-0.24
AUS/POAMA,2017-10-01,SON,-0.58,-0.63
AUS/POAMA,2017-11-01,OND,-0.7,-0.63
AUS/POAMA,2017-12-01,NDJ,-0.79,-0.76
AUS/POAMA,2018-01-01,DJF,-0.81,-1.03
AUS/POAMA,2018-02-01,JFM,-0.79,-0.86
AUS/POAMA,2018-03-01,FMA,-0.68,-0.79
AUS/POAMA,2018-04-01,MAM,-0.41,-0.62
AUS/POAMA,2018-05-01,AMJ,-0.1,-0.47
AUS/POAMA,2018-06-01,MJJ,0.12,-0.37
AUS/POAMA,2018-07-01,JJA,0.27,-0.18
AUS/POAMA,2018-08-01,JAS,0.31,-0.05
AUS/POAMA,2018-09-01,ASO,0.51,-0.14
AUS/POAMA,2018-10-01,SON,0.74,0.37
AUS/POAMA,2018-11-01,OND,0.95,1.05
AUS/POAMA,2018-12-01,NDJ,0.82,1.1
AUS/POAMA,2019-01-01,DJF,0.71,1.04
CPC CA,2002-05-01,AMJ,0.54,0.1
CPC CA,2002-06-01,MJJ,0.75,0.25
CPC CA,2002-07-01,JJA,0.98,0.36
CPC CA,2002-08-01,JAS,1.06,0.42
CPC CA,2002-09-01,ASO,1.24,0.52
CPC CA,2002-10-01,SON,1.47,0.67
CPC CA,2002-11-01,OND,1.61,0.98
CPC CA,2002-12-01,NDJ,1.54,1.2
CPC CA,2003-01-01,DJF,1.22,1.18
CPC CA,2003-02-01,JFM,0.9,0.92
CPC CA,2003-03-01,FMA,0.53,0.8
CPC CA,2003-04-01,MAM,0.13,0.47
CPC CA,2003-05-01,AMJ,-0.1,0.05
CPC CA,2003-06-01,MJJ,-0.01,-0.12
CPC CA,2003-07-01,JJA,0.17,-0.47
CPC CA,2003-08-01,JAS,0.27,-0.68
CPC CA,2003-09-01,ASO,0.36,-0.37
CPC CA,2003-10-01,SON,0.48,-0.27
CPC CA,2003-11-01,OND,0.52,-0.04
CPC CA,2003-12-01,NDJ,0.39,0.06
CPC CA,2004-01-01,DJF,0.27,0.15
CPC CA,2004-02-01,JFM,0.12,0.35
CPC CA,2004-03-01,FMA,0.09,0.28
CPC CA,2004-04-01,MAM,0.14,0
CPC CA,2004-05-01,AMJ,0.24,0.14
CPC CA,2004-06-01,MJJ,0.38,0.22
CPC CA,2004-07-01,JJA,0.57,0.57
CPC CA,2004-08-01,JAS,0.76,0.46
CPC CA,2004-09-01,ASO,0.82,0.5
CPC CA,2004-10-01,SON,0.8,0.64
CPC CA,2004-11-01,OND,0.81,0.83
CPC CA,2004-12-01,NDJ,0.75,1.03
CPC CA,2005-01-01,DJF,0.57,0.94
CPC CA,2005-02-01,JFM,0.42,0.7
CPC CA,2005-03-01,FMA,0.34,0.47
CPC CA,2005-04-01,MAM,0.4,0.38
CPC CA,2005-05-01,AMJ,0.45,0.22
CPC CA,2005-06-01,MJJ,0.48,0.14
CPC CA,2005-07-01,JJA,0.37,0.24
CPC CA,2005-08-01,JAS,0.18,0.22
CPC CA,2005-09-01,ASO,0.12,0.24
CPC CA,2005-10-01,SON,0.01,0.24
CPC CA,2005-11-01,OND,-0.2,0.19
CPC CA,2005-12-01,NDJ,-0.54,0.13
CPC CA,2006-01-01,DJF,-0.7,-0.07
CPC CA,2006-02-01,JFM,-0.7,-0.18
CPC CA,2006-03-01,FMA,-0.43,-0.23
CPC CA,2006-04-01,MAM,-0.18,-0.02
CPC CA,2006-05-01,AMJ,0.15,0.02
CPC CA,2006-06-01,MJJ,0.26,0.36
CPC CA,2006-07-01,JJA,0.38,0.47
CPC CA,2006-08-01,JAS,0.5,0.47
CPC CA,2006-09-01,ASO,0.69,0.44
CPC CA,2006-10-01,SON,0.93,0.57
CPC CA,2006-11-01,OND,1.13,0.77
CPC CA,2006-12-01,NDJ,1.08,0.94
CPC CA,2007-01-01,DJF,0.71,0.96
CPC CA,2007-02-01,JFM,0.29,0.67
CPC CA,2007-03-01,FMA,0.08,0.49
CPC CA,2007-04-01,MAM,-0.02,0.38
CPC CA,2007-05-01,AMJ,0,0.33
CPC CA,2007-06-01,MJJ,-0.14,0.24
CPC CA,2007-07-01,JJA,-0.24,0.19
CPC CA,2007-08-01,JAS,-0.54,-0.01
CPC CA,2007-09-01,ASO,-0.92,-0.3
CPC CA,2007-10-01,SON,-1.23,-0.57
CPC CA,2007-11-01,OND,-1.44,-1.23
CPC CA,2007-12-01,NDJ,-1.59,-1.55
CPC CA,2008-01-01,DJF,-1.74,-1.63
CPC CA,2008-02-01,JFM,-1.6,-1.56
CPC CA,2008-03-01,FMA,-1.26,-1.14
CPC CA,2008-04-01,MAM,-0.84,-0.97
CPC CA,2008-05-01,AMJ,-0.58,-0.74
CPC CA,2008-06-01,MJJ,-0.26,-0.68
CPC CA,2008-07-01,JJA,-0.01,-0.41
CPC CA,2008-08-01,JAS,0.03,-0.28
CPC CA,2008-09-01,ASO,-0.11,-0.19
CPC CA,2008-10-01,SON,-0.21,0.09
CPC CA,2008-11-01,OND,-0.4,0.1
CPC CA,2008-12-01,NDJ,-0.65,-0.24
CPC CA,2009-01-01,DJF,-0.8,-0.51
CPC CA,2009-02-01,JFM,-0.72,-0.55
CPC CA,2009-03-01,FMA,-0.44,-0.45
CPC CA,2009-04-01,MAM,-0.13,-0.37
CPC CA,2009-05-01,AMJ,0.24,-0.36
CPC CA,2009-06-01,MJJ,0.59,-0.08
CPC CA,2009-07-01,JJA,0.77,0.19
CPC CA,2009-08-01,JAS,0.84,0.59
CPC CA,2009-09-01,ASO,0.88,0.91
CPC CA,2009-10-01,SON,1.18,1.25
CPC CA,2009-11-01,OND,1.51,1.39
CPC CA,2009-12-01,NDJ,1.69,1.18
CPC CA,2010-01-01,DJF,1.54,1.07
CPC CA,2010-02-01,JFM,1.32,0.91
CPC CA,2010-03-01,FMA,1.03,0.68
CPC CA,2010-04-01,MAM,0.6,0.31
CPC CA,2010-05-01,AMJ,0.05,-0.06
CPC CA,2010-06-01,MJJ,-0.51,-0.21
CPC CA,2010-07-01,JJA,-0.89,-0.23
CPC CA,2010-08-01,JAS,-1.25,-0.29
CPC CA,2010-09-01,ASO,-1.46,-1.08
CPC CA,2010-10-01,SON,-1.53,-1.57
CPC CA,2010-11-01,OND,-1.52,-1.89
CPC CA,2010-12-01,NDJ,-1.62,-2.06
CPC CA,2011-01-01,DJF,-1.52,-2.09
CPC CA,2011-02-01,JFM,-1.3,-1.88
CPC CA,2011-03-01,FMA,-1.01,-1.39
CPC CA,2011-04-01,MAM,-0.73,-0.99
CPC CA,2011-05-01,AMJ,-0.46,-0.64
CPC CA,2011-06-01,MJJ,-0.27,-0.45
CPC CA,2011-07-01,JJA,-0.36,-0.23
CPC CA,2011-08-01,JAS,-0.55,-0.25
CPC CA,2011-09-01,ASO,-0.78,-0.24
CPC CA,2011-10-01,SON,-0.92,-0.48
CPC CA,2011-11-01,OND,-1.02,-0.58
CPC CA,2011-12-01,NDJ,-1.06,-0.78
CPC CA,2012-01-01,DJF,-0.94,-0.91
CPC CA,2012-02-01,JFM,-0.78,-0.99
CPC CA,2012-03-01,FMA,-0.55,-0.72
CPC CA,2012-04-01,MAM,-0.34,-0.36
CPC CA,2012-05-01,AMJ,-0.04,-0.14
CPC CA,2012-06-01,MJJ,0.27,0.03
CPC CA,2012-07-01,JJA,0.52,0.19
CPC CA,2012-08-01,JAS,0.59,0.28
CPC CA,2012-09-01,ASO,0.51,0.4
CPC CA,2012-10-01,SON,0.39,0.57
CPC CA,2012-11-01,OND,0.19,0.72
CPC CA,2012-12-01,NDJ,-0.05,0.66
CPC CA,2013-01-01,DJF,-0.31,0.45
CPC CA,2013-02-01,JFM,-0.34,0.05
CPC CA,2013-03-01,FMA,-0.24,-0.21
CPC CA,2013-04-01,MAM,-0.2,-0.5
CPC CA,2013-05-01,AMJ,-0.19,-0.55
CPC CA,2013-06-01,MJJ,-0.26,-0.32
CPC CA,2013-07-01,JJA,-0.27,-0.14
CPC CA,2013-08-01,JAS,-0.21,-0.19
CPC CA,2013-09-01,ASO,-0.23,-0.43
CPC CA,2013-10-01,SON,-0.13,-0.41
CPC CA,2013-11-01,OND,-0.12,-0.26
CPC CA,2013-12-01,NDJ,-0.18,-0.27
CPC CA,2014-01-01,DJF,-0.37,-0.17
CPC CA,2014-02-01,JFM,-0.43,-0.13
CPC CA,2014-03-01,FMA,-0.18,-0.23
CPC CA,2014-04-01,MAM,0.16,-0.26
CPC CA,2014-05-01,AMJ,0.39,0.01
CPC CA,2014-06-01,MJJ,0.37,0.25
CPC CA,2014-07-01,JJA,0.28,0.5
CPC CA,2014-08-01,JAS,0.28,0.56
CPC CA,2014-09-01,ASO,0.38,0.61
CPC CA,2014-10-01,SON,0.6,0.6
CPC CA,2014-11-01,OND,0.71,0.78
CPC CA,2014-12-01,NDJ,0.72,0.93
CPC CA,2015-01-01,DJF,0.62,0.78
CPC CA,2015-02-01,JFM,0.56,0.49
CPC CA,2015-03-01,FMA,0.64,0.34
CPC CA,2015-04-01,MAM,0.8,0.34
CPC CA,2015-05-01,AMJ,1.04,0.33
CPC CA,2015-06-01,MJJ,1.32,0.6
CPC CA,2015-07-01,JJA,1.66,0.76
CPC CA,2015-08-01,JAS,1.98,0.96
CPC CA,2015-09-01,ASO,2.27,1.57
CPC CA,2015-10-01,SON,2.57,2.25
CPC CA,2015-11-01,OND,2.74,2.74
CPC CA,2015-12-01,NDJ,2.79,2.98
CPC CA,2016-01-01,DJF,2.61,2.6
CPC CA,2016-02-01,JFM,2.23,2.04
CPC CA,2016-03-01,FMA,1.72,1.47
CPC CA,2016-04-01,MAM,1.02,1.01
CPC CA,2016-05-01,AMJ,0.42,0.58
CPC CA,2016-06-01,MJJ,-0.1,0.23
CPC CA,2016-07-01,JJA,-0.38,-0.18
CPC CA,2016-08-01,JAS,-0.54,-0.19
CPC CA,2016-09-01,ASO,-0.62,-0.22
CPC CA,2016-10-01,SON,-0.63,-0.44
CPC CA,2016-11-01,OND,-0.57,-0.63
CPC CA,2016-12-01,OND,-0.43,-0.43
CPC CA,2017-01-01,DJF,-0.2,-0.47
CPC CA,2017-02-01,JFM,-0.03,-0.27
CPC CA,2017-03-01,FMA,0.2,-0.15
CPC CA,2017-04-01,MAM,0.3,0.15
CPC CA,2017-05-01,AMJ,0.44,0.34
CPC CA,2017-06-01,MJJ,0.47,0.56
CPC CA,2017-07-01,JJA,0.26,0.59
CPC CA,2017-08-01,JAS,-0.07,0.54
CPC CA,2017-09-01,ASO,-0.35,0.45
CPC CA,2017-10-01,SON,-0.58,0.24
CPC CA,2017-11-01,OND,-0.7,0.01
CPC CA,2017-12-01,NDJ,-0.79,-0.15
CPC CA,2018-01-01,DJF,-0.81,-0.42
CPC CA,2018-02-01,JFM,-0.79,-0.56
CPC CA,2018-03-01,FMA,-0.68,-0.57
CPC CA,2018-04-01,MAM,-0.41,-0.3
CPC CA,2018-05-01,AMJ,-0.1,-0.02
CPC CA,2018-06-01,MJJ,0.12,0.16
CPC CA,2018-07-01,JJA,0.27,0.28
CPC CA,2018-08-01,JAS,0.31,0.34
CPC CA,2018-09-01,ASO,0.51,0.58
CPC CA,2018-10-01,SON,0.74,0.78
CPC CA,2018-11-01,OND,0.95,0.97
CPC CA,2018-12-01,NDJ,0.82,0.84
CPC CA,2019-01-01,DJF,0.71,1.06
CPC MRKOV,2002-05-01,AMJ,0.54,0.4
CPC MRKOV,2002-06-01,MJJ,0.75,0.46
CPC MRKOV,2002-07-01,JJA,0.98,0.36
CPC MRKOV,2002-08-01,JAS,1.06,0.59
CPC MRKOV,2002-09-01,ASO,1.24,0.9
CPC MRKOV,2002-10-01,SON,1.47,1.1
CPC MRKOV,2002-11-01,OND,1.61,1.36
CPC MRKOV,2002-12-01,NDJ,1.54,1.63
CPC MRKOV,2003-01-01,DJF,1.22,1.48
CPC MRKOV,2003-02-01,JFM,0.9,1.24
CPC MRKOV,2003-03-01,FMA,0.53,0.67
CPC MRKOV,2003-04-01,MAM,0.13,0.53
CPC MRKOV,2003-05-01,AMJ,-0.1,0.48
CPC MRKOV,2003-06-01,MJJ,-0.01,0.15
CPC MRKOV,2003-07-01,JJA,0.17,-0.35
CPC MRKOV,2003-08-01,JAS,0.27,-0.07
CPC MRKOV,2003-09-01,ASO,0.36,0.13
CPC MRKOV,2003-10-01,SON,0.48,0.2
CPC MRKOV,2003-11-01,OND,0.52,0.16
CPC MRKOV,2003-12-01,NDJ,0.39,0.29
CPC MRKOV,2004-01-01,DJF,0.27,0.44
CPC MRKOV,2004-02-01,JFM,0.12,0.16
CPC MRKOV,2004-03-01,FMA,0.09,0.13
CPC MRKOV,2004-04-01,MAM,0.14,-0.03
CPC MRKOV,2004-05-01,AMJ,0.24,-0.04
CPC MRKOV,2004-06-01,MJJ,0.38,0.02
CPC MRKOV,2004-07-01,JJA,0.57,-0.07
CPC MRKOV,2004-08-01,JAS,0.76,0.11
CPC MRKOV,2004-09-01,ASO,0.82,0.49
CPC MRKOV,2004-10-01,SON,0.8,0.58
CPC MRKOV,2004-11-01,OND,0.81,0.76
CPC MRKOV,2004-12-01,NDJ,0.75,0.68
CPC MRKOV,2005-01-01,DJF,0.57,0.74
CPC MRKOV,2005-02-01,JFM,0.42,0.55
CPC MRKOV,2005-03-01,FMA,0.34,0.39
CPC MRKOV,2005-04-01,MAM,0.4,0.35
CPC MRKOV,2005-05-01,AMJ,0.45,0.46
CPC MRKOV,2005-06-01,MJJ,0.48,0.15
CPC MRKOV,2005-07-01,JJA,0.37,0.12
CPC MRKOV,2005-08-01,JAS,0.18,0
CPC MRKOV,2005-09-01,ASO,0.12,0
CPC MRKOV,2005-10-01,SON,0.01,0.07
CPC MRKOV,2005-11-01,OND,-0.2,-0.22
CPC MRKOV,2005-12-01,NDJ,-0.54,-0.23
CPC MRKOV,2006-01-01,DJF,-0.7,-0.51
CPC MRKOV,2006-02-01,JFM,-0.7,-0.77
CPC MRKOV,2006-03-01,FMA,-0.43,-0.94
CPC MRKOV,2006-04-01,MAM,-0.18,-0.73
CPC MRKOV,2006-05-01,AMJ,0.15,-0.68
CPC MRKOV,2006-06-01,MJJ,0.26,-0.5
CPC MRKOV,2006-07-01,JJA,0.38,-0.16
CPC MRKOV,2006-08-01,JAS,0.5,-0.07
CPC MRKOV,2006-09-01,ASO,0.69,0.28
CPC MRKOV,2006-10-01,SON,0.93,0.71
CPC MRKOV,2006-11-01,OND,1.13,0.9
CPC MRKOV,2006-12-01,NDJ,1.08,1.15
CPC MRKOV,2007-01-01,DJF,0.71,1
CPC MRKOV,2007-02-01,JFM,0.29,0.66
CPC MRKOV,2007-03-01,FMA,0.08,0.27
CPC MRKOV,2007-04-01,MAM,-0.02,-0.15
CPC MRKOV,2007-05-01,AMJ,0,-0.35
CPC MRKOV,2007-06-01,MJJ,-0.14,-0.37
CPC MRKOV,2007-07-01,JJA,-0.24,-0.51
CPC MRKOV,2007-08-01,JAS,-0.54,-0.61
CPC MRKOV,2007-09-01,ASO,-0.92,-0.67
CPC MRKOV,2007-10-01,SON,-1.23,-0.93
CPC MRKOV,2007-11-01,OND,-1.44,-1.2
CPC MRKOV,2007-12-01,NDJ,-1.59,-1.37
CPC MRKOV,2008-01-01,DJF,-1.74,-1.47
CPC MRKOV,2008-02-01,JFM,-1.6,-1.45
CPC MRKOV,2008-03-01,FMA,-1.26,-1.52
CPC MRKOV,2008-04-01,MAM,-0.84,-1.46
CPC MRKOV,2008-05-01,AMJ,-0.58,-1.12
CPC MRKOV,2008-06-01,MJJ,-0.26,-0.9
CPC MRKOV,2008-07-01,JJA,-0.01,-0.59
CPC MRKOV,2008-08-01,JAS,0.03,-0.46
CPC MRKOV,2008-09-01,ASO,-0.11,-0.32
CPC MRKOV,2008-10-01,SON,-0.21,-0.31
CPC MRKOV,2008-11-01,OND,-0.4,-0.61
CPC MRKOV,2008-12-01,NDJ,-0.65,-0.63
CPC MRKOV,2009-01-01,DJF,-0.8,-0.7
CPC MRKOV,2009-02-01,JFM,-0.72,-0.89
CPC MRKOV,2009-03-01,FMA,-0.44,-0.96
CPC MRKOV,2009-04-01,MAM,-0.13,-0.89
CPC MRKOV,2009-05-01,AMJ,0.24,-0.65
CPC MRKOV,2009-06-01,MJJ,0.59,-0.32
CPC MRKOV,2009-07-01,JJA,0.77,-0.02
CPC MRKOV,2009-08-01,JAS,0.84,0.23
CPC MRKOV,2009-09-01,ASO,0.88,0.39
CPC MRKOV,2009-10-01,SON,1.18,0.68
CPC MRKOV,2009-11-01,OND,1.51,0.73
CPC MRKOV,2009-12-01,NDJ,1.69,1.09
CPC MRKOV,2010-01-01,DJF,1.54,1.27
CPC MRKOV,2010-02-01,JFM,1.32,1.21
CPC MRKOV,2010-03-01,FMA,1.03,0.84
CPC MRKOV,2010-04-01,MAM,0.6,0.77
CPC MRKOV,2010-05-01,AMJ,0.05,0.6
CPC MRKOV,2010-06-01,MJJ,-0.51,0.35
CPC MRKOV,2010-07-01,JJA,-0.89,-0.36
CPC MRKOV,2010-08-01,JAS,-1.25,-0.82
CPC MRKOV,2010-09-01,ASO,-1.46,-1.33
CPC MRKOV,2010-10-01,SON,-1.53,-1.74
CPC MRKOV,2010-11-01,OND,-1.52,-1.91
CPC MRKOV,2010-12-01,NDJ,-1.62,-1.96
CPC MRKOV,2011-01-01,DJF,-1.52,-1.68
CPC MRKOV,2011-02-01,JFM,-1.3,-1.71
CPC MRKOV,2011-03-01,FMA,-1.01,-1.45
CPC MRKOV,2011-04-01,MAM,-0.73,-0.97
CPC MRKOV,2011-05-01,AMJ,-0.46,-0.79
CPC MRKOV,2011-06-01,MJJ,-0.27,-0.45
CPC MRKOV,2011-07-01,JJA,-0.36,-0.45
CPC MRKOV,2011-08-01,JAS,-0.55,-0.41
CPC MRKOV,2011-09-01,ASO,-0.78,-0.51
CPC MRKOV,2011-10-01,SON,-0.92,-0.77
CPC MRKOV,2011-11-01,OND,-1.02,-1.04
CPC MRKOV,2011-12-01,NDJ,-1.06,-1.08
CPC MRKOV,2012-01-01,DJF,-0.94,-1.08
CPC MRKOV,2012-02-01,JFM,-0.78,-1.18
CPC MRKOV,2012-03-01,FMA,-0.55,-1.11
CPC MRKOV,2012-04-01,MAM,-0.34,-0.5
CPC MRKOV,2012-05-01,AMJ,-0.04,-0.48
CPC MRKOV,2012-06-01,MJJ,0.27,-0.29
CPC MRKOV,2012-07-01,JJA,0.52,-0.2
CPC MRKOV,2012-08-01,JAS,0.59,-0.18
CPC MRKOV,2012-09-01,ASO,0.51,-0.09
CPC MRKOV,2012-10-01,SON,0.39,0.2
CPC MRKOV,2012-11-01,OND,0.19,0.05
CPC MRKOV,2012-12-01,NDJ,-0.05,0.05
CPC MRKOV,2013-01-01,DJF,-0.31,-0.01
CPC MRKOV,2013-02-01,JFM,-0.34,-0.35
CPC MRKOV,2013-03-01,FMA,-0.24,-0.67
CPC MRKOV,2013-04-01,MAM,-0.2,-0.67
CPC MRKOV,2013-05-01,AMJ,-0.19,-0.51
CPC MRKOV,2013-06-01,MJJ,-0.26,-0.65
CPC MRKOV,2013-07-01,JJA,-0.27,-0.87
CPC MRKOV,2013-08-01,JAS,-0.21,-0.78
CPC MRKOV,2013-09-01,ASO,-0.23,-0.68
CPC MRKOV,2013-10-01,SON,-0.13,-0.62
CPC MRKOV,2013-11-01,OND,-0.12,-0.65
CPC MRKOV,2013-12-01,NDJ,-0.18,-0.29
CPC MRKOV,2014-01-01,DJF,-0.37,-0.06
CPC MRKOV,2014-02-01,JFM,-0.43,-0.28
CPC MRKOV,2014-03-01,FMA,-0.18,-0.49
CPC MRKOV,2014-04-01,MAM,0.16,-0.37
CPC MRKOV,2014-05-01,AMJ,0.39,0.17
CPC MRKOV,2014-06-01,MJJ,0.37,0.28
CPC MRKOV,2014-07-01,JJA,0.28,0.42
CPC MRKOV,2014-08-01,JAS,0.28,0.32
CPC MRKOV,2014-09-01,ASO,0.38,0.24
CPC MRKOV,2014-10-01,SON,0.6,0.5
CPC MRKOV,2014-11-01,OND,0.71,0.45
CPC MRKOV,2014-12-01,NDJ,0.72,0.58
CPC MRKOV,2015-01-01,DJF,0.62,0.72
CPC MRKOV,2015-02-01,JFM,0.56,0.42
CPC MRKOV,2015-03-01,FMA,0.64,0.24
CPC MRKOV,2015-04-01,MAM,0.8,0.3
CPC MRKOV,2015-05-01,AMJ,1.04,0.79
CPC MRKOV,2015-06-01,MJJ,1.32,1.11
CPC MRKOV,2015-07-01,JJA,1.66,1.32
CPC MRKOV,2015-08-01,JAS,1.98,1.55
CPC MRKOV,2015-09-01,ASO,2.27,2.2
CPC MRKOV,2015-10-01,SON,2.57,2.51
CPC MRKOV,2015-11-01,OND,2.74,2.59
CPC MRKOV,2015-12-01,NDJ,2.79,2.59
CPC MRKOV,2016-01-01,DJF,2.61,2.42
CPC MRKOV,2016-02-01,JFM,2.23,2.05
CPC MRKOV,2016-03-01,FMA,1.72,1.64
CPC MRKOV,2016-04-01,MAM,1.02,1.18
CPC MRKOV,2016-05-01,AMJ,0.42,0.92
CPC MRKOV,2016-06-01,MJJ,-0.1,0.34
CPC MRKOV,2016-07-01,JJA,-0.38,-0.01
CPC MRKOV,2016-08-01,JAS,-0.54,-0.21
CPC MRKOV,2016-09-01,ASO,-0.62,-0.39
CPC MRKOV,2016-10-01,SON,-0.63,-0.51
CPC MRKOV,2016-11-01,OND,-0.57,-0.62
CPC MRKOV,2016-12-01,OND,-0.43,-0.67
CPC MRKOV,2017-01-01,DJF,-0.2,-0.45
CPC MRKOV,2017-02-01,JFM,-0.03,-0.31
CPC MRKOV,2017-03-01,FMA,0.2,-0.32
CPC MRKOV,2017-04-01,MAM,0.3,-0.06
CPC MRKOV,2017-05-01,AMJ,0.44,-0.13
CPC MRKOV,2017-06-01,MJJ,0.47,-0.1
CPC MRKOV,2017-07-01,JJA,0.26,-0.12
CPC MRKOV,2017-08-01,JAS,-0.07,-0.08
CPC MRKOV,2017-09-01,ASO,-0.35,-0.06
CPC MRKOV,2017-10-01,SON,-0.58,-0.45
CPC MRKOV,2017-11-01,OND,-0.7,-0.75
CPC MRKOV,2017-12-01,NDJ,-0.79,-0.81
CPC MRKOV,2018-01-01,DJF,-0.81,-0.82
CPC MRKOV,2018-02-01,JFM,-0.79,-0.8
CPC MRKOV,2018-03-01,FMA,-0.68,-0.79
CPC MRKOV,2018-04-01,MAM,-0.41,-0.69
CPC MRKOV,2018-05-01,AMJ,-0.1,-0.34
CPC MRKOV,2018-06-01,MJJ,0.12,-0.03
CPC MRKOV,2018-07-01,JJA,0.27,0.12
CPC MRKOV,2018-08-01,JAS,0.31,0.42
CPC MRKOV,2018-09-01,ASO,0.51,0.59
CPC MRKOV,2018-10-01,SON,0.74,0.78
CPC MRKOV,2018-11-01,OND,0.95,0.88
CPC MRKOV,2018-12-01,NDJ,0.82,1.12
CPC MRKOV,2019-01-01,DJF,0.71,1.03
CSU CLIPR,2002-05-01,AMJ,0.54,0.5
CSU CLIPR,2002-06-01,MJJ,0.75,0.76
CSU CLIPR,2002-07-01,JJA,0.98,0.59
CSU CLIPR,2002-08-01,JAS,1.06,0.64
CSU CLIPR,2002-09-01,ASO,1.24,0.65
CSU CLIPR,2002-10-01,SON,1.47,1.11
CSU CLIPR,2002-11-01,OND,1.61,1.27
CSU CLIPR,2002-12-01,NDJ,1.54,1.58
CSU CLIPR,2003-01-01,DJF,1.22,1.54
CSU CLIPR,2003-02-01,JFM,0.9,1.13
CSU CLIPR,2003-03-01,FMA,0.53,0.63
CSU CLIPR,2003-04-01,MAM,0.13,0.41
CSU CLIPR,2003-05-01,AMJ,-0.1,0.12
CSU CLIPR,2003-06-01,MJJ,-0.01,-0.02
CSU CLIPR,2003-07-01,JJA,0.17,-0.15
CSU CLIPR,2003-08-01,JAS,0.27,-0.1
CSU CLIPR,2003-09-01,ASO,0.36,0.1
CSU CLIPR,2003-10-01,SON,0.48,0.04
CSU CLIPR,2003-11-01,OND,0.52,0.03
CSU CLIPR,2003-12-01,NDJ,0.39,0.63
CSU CLIPR,2004-01-01,DJF,0.27,0.29
CSU CLIPR,2004-02-01,JFM,0.12,0.28
CSU CLIPR,2004-03-01,FMA,0.09,0.15
CSU CLIPR,2004-04-01,MAM,0.14,0.06
CSU CLIPR,2004-05-01,AMJ,0.24,-0.2
CSU CLIPR,2004-06-01,MJJ,0.38,0.04
CSU CLIPR,2004-07-01,JJA,0.57,0.01
CSU CLIPR,2004-08-01,JAS,0.76,0.16
CSU CLIPR,2004-09-01,ASO,0.82,0.32
CSU CLIPR,2004-10-01,SON,0.8,1.47
CSU CLIPR,2004-11-01,OND,0.81,0.89
CSU CLIPR,2004-12-01,NDJ,0.75,0.86
CSU CLIPR,2005-01-01,DJF,0.57,0.71
CSU CLIPR,2005-02-01,JFM,0.42,0.59
CSU CLIPR,2005-03-01,FMA,0.34,0.35
CSU CLIPR,2005-04-01,MAM,0.4,0.07
CSU CLIPR,2005-05-01,AMJ,0.45,0.01
CSU CLIPR,2005-06-01,MJJ,0.48,0.37
CSU CLIPR,2005-07-01,JJA,0.37,0.39
CSU CLIPR,2005-08-01,JAS,0.18,0.62
CSU CLIPR,2005-09-01,ASO,0.12,0.48
CSU CLIPR,2005-10-01,SON,0.01,0.23
CSU CLIPR,2005-11-01,OND,-0.2,-0.02
CSU CLIPR,2005-12-01,NDJ,-0.54,0.2
CSU CLIPR,2006-01-01,DJF,-0.7,-0.08
CSU CLIPR,2006-02-01,JFM,-0.7,-0.4
CSU CLIPR,2006-03-01,FMA,-0.43,-0.48
CSU CLIPR,2006-04-01,MAM,-0.18,-0.17
CSU CLIPR,2006-05-01,AMJ,0.15,-0.04
CSU CLIPR,2006-06-01,MJJ,0.26,0
CSU CLIPR,2006-07-01,JJA,0.38,0.05
CSU CLIPR,2006-08-01,JAS,0.5,0.29
CSU CLIPR,2006-09-01,ASO,0.69,0.28
CSU CLIPR,2006-10-01,SON,0.93,0.78
CSU CLIPR,2006-11-01,OND,1.13,0.95
CSU CLIPR,2006-12-01,NDJ,1.08,0.92
CSU CLIPR,2007-01-01,DJF,0.71,1.06
CSU CLIPR,2007-02-01,JFM,0.29,0.9
CSU CLIPR,2007-03-01,FMA,0.08,0.24
CSU CLIPR,2007-04-01,MAM,-0.02,-0.15
CSU CLIPR,2007-05-01,AMJ,0,-0.35
CSU CLIPR,2007-06-01,MJJ,-0.14,-0.27
CSU CLIPR,2007-07-01,JJA,-0.24,-0.37
CSU CLIPR,2007-08-01,JAS,-0.54,-0.31
CSU CLIPR,2007-09-01,ASO,-0.92,-0.44
CSU CLIPR,2007-10-01,SON,-1.23,-0.43
CSU CLIPR,2007-11-01,OND,-1.44,-0.63
CSU CLIPR,2007-12-01,NDJ,-1.59,-1.52
CSU CLIPR,2008-01-01,DJF,-1.74,-1.21
CSU CLIPR,2008-02-01,JFM,-1.6,-1.02
CSU CLIPR,2008-03-01,FMA,-1.26,-1.16
CSU CLIPR,2008-04-01,MAM,-0.84,-0.73
CSU CLIPR,2008-05-01,AMJ,-0.58,-0.04
CSU CLIPR,2008-06-01,MJJ,-0.26,-0.34
CSU CLIPR,2008-07-01,JJA,-0.01,-0.11
CSU CLIPR,2008-08-01,JAS,0.03,0.32
CSU CLIPR,2008-09-01,ASO,-0.11,0.11
CSU CLIPR,2008-10-01,SON,-0.21,-0.05
CSU CLIPR,2008-11-01,OND,-0.4,-0.19
CSU CLIPR,2008-12-01,NDJ,-0.65,-0.27
CSU CLIPR,2009-01-01,DJF,-0.8,-0.15
CSU CLIPR,2009-02-01,JFM,-0.72,-0.48
CSU CLIPR,2009-03-01,FMA,-0.44,-0.5
CSU CLIPR,2009-04-01,MAM,-0.13,-0.47
CSU CLIPR,2009-05-01,AMJ,0.24,-0.3
CSU CLIPR,2009-06-01,MJJ,0.59,-0.04
CSU CLIPR,2009-07-01,JJA,0.77,0.5
CSU CLIPR,2009-08-01,JAS,0.84,0.37
CSU CLIPR,2009-09-01,ASO,0.88,0.96
CSU CLIPR,2009-10-01,SON,1.18,0.94
CSU CLIPR,2009-11-01,OND,1.51,1.01
CSU CLIPR,2009-12-01,NDJ,1.69,1.08
CSU CLIPR,2010-01-01,DJF,1.54,1.43
CSU CLIPR,2010-02-01,JFM,1.32,1.23
CSU CLIPR,2010-03-01,FMA,1.03,0.93
CSU CLIPR,2010-04-01,MAM,0.6,0.63
CSU CLIPR,2010-05-01,AMJ,0.05,0.62
CSU CLIPR,2010-06-01,MJJ,-0.51,0.38
CSU CLIPR,2010-07-01,JJA,-0.89,-0.11
CSU CLIPR,2010-08-01,JAS,-1.25,-1.01
CSU CLIPR,2010-09-01,ASO,-1.46,-1.11
CSU CLIPR,2010-10-01,SON,-1.53,-1.4
CSU CLIPR,2010-11-01,OND,-1.52,-1.94
CSU CLIPR,2010-12-01,NDJ,-1.62,-1.77
CSU CLIPR,2011-01-01,DJF,-1.52,-1.25
CSU CLIPR,2011-02-01,JFM,-1.3,-1.07
CSU CLIPR,2011-03-01,FMA,-1.01,0.1
CSU CLIPR,2011-04-01,MAM,-0.73,-0.52
CSU CLIPR,2011-05-01,AMJ,-0.46,-0.27
CSU CLIPR,2011-06-01,MJJ,-0.27,-0.24
CSU CLIPR,2011-07-01,JJA,-0.36,-0.18
CSU CLIPR,2011-08-01,JAS,-0.55,-0.23
CSU CLIPR,2011-09-01,ASO,-0.78,-0.04
CSU CLIPR,2011-10-01,SON,-0.92,-0.1
CSU CLIPR,2011-11-01,OND,-1.02,-0.55
CSU CLIPR,2011-12-01,NDJ,-1.06,-0.66
CSU CLIPR,2012-01-01,DJF,-0.94,0.01
CSU CLIPR,2012-02-01,JFM,-0.78,0.02
CSU CLIPR,2012-03-01,FMA,-0.55,-0.2
CSU CLIPR,2012-04-01,MAM,-0.34,0.14
CSU CLIPR,2012-05-01,AMJ,-0.04,0.09
CSU CLIPR,2012-06-01,MJJ,0.27,0.31
CSU CLIPR,2012-07-01,JJA,0.52,0.04
CSU CLIPR,2012-08-01,JAS,0.59,0.37
CSU CLIPR,2012-09-01,ASO,0.51,-0.03
CSU CLIPR,2012-10-01,SON,0.39,0.71
CSU CLIPR,2012-11-01,OND,0.19,0.38
CSU CLIPR,2012-12-01,NDJ,-0.05,0.34
CSU CLIPR,2013-01-01,DJF,-0.31,0.31
CSU CLIPR,2013-02-01,JFM,-0.34,-0.06
CSU CLIPR,2013-03-01,FMA,-0.24,-0.19
CSU CLIPR,2013-04-01,MAM,-0.2,-0.43
CSU CLIPR,2013-05-01,AMJ,-0.19,-0.17
CSU CLIPR,2013-06-01,MJJ,-0.26,-0.48
CSU CLIPR,2013-07-01,JJA,-0.27,-0.39
CSU CLIPR,2013-08-01,JAS,-0.21,-0.66
CSU CLIPR,2013-09-01,ASO,-0.23,-0.59
CSU CLIPR,2013-10-01,SON,-0.13,-0.34
CSU CLIPR,2013-11-01,OND,-0.12,-0.11
CSU CLIPR,2013-12-01,NDJ,-0.18,0.01
CSU CLIPR,2014-01-01,DJF,-0.37,-0.01
CSU CLIPR,2014-02-01,JFM,-0.43,-0.04
CSU CLIPR,2014-03-01,FMA,-0.18,-0.46
CSU CLIPR,2014-04-01,MAM,0.16,-0.27
CSU CLIPR,2014-05-01,AMJ,0.39,-0.19
CSU CLIPR,2014-06-01,MJJ,0.37,0.33
CSU CLIPR,2014-07-01,JJA,0.28,0.89
CSU CLIPR,2014-08-01,JAS,0.28,0.17
CSU CLIPR,2014-09-01,ASO,0.38,0.61
CSU CLIPR,2014-10-01,SON,0.6,0.42
CSU CLIPR,2014-11-01,OND,0.71,0.8
CSU CLIPR,2014-12-01,NDJ,0.72,0.54
CSU CLIPR,2015-01-01,DJF,0.62,0.72
CSU CLIPR,2015-02-01,JFM,0.56,0.53
CSU CLIPR,2015-03-01,FMA,0.64,0.29
CSU CLIPR,2015-04-01,MAM,0.8,-0.05
CSU CLIPR,2015-05-01,AMJ,1.04,0.04
CSU CLIPR,2015-06-01,MJJ,1.32,0.52
CSU CLIPR,2015-07-01,JJA,1.66,1.08
CSU CLIPR,2015-08-01,JAS,1.98,0.94
CSU CLIPR,2015-09-01,ASO,2.27,1.97
CSU CLIPR,2015-10-01,SON,2.57,2.05
CSU CLIPR,2015-11-01,OND,2.74,2.53
CSU CLIPR,2015-12-01,NDJ,2.79,2.52
CSU CLIPR,2016-01-01,DJF,2.61,2.44
CSU CLIPR,2016-02-01,JFM,2.23,1.85
CSU CLIPR,2016-03-01,FMA,1.72,1.19
CSU CLIPR,2016-04-01,MAM,1.02,0.93
CSU CLIPR,2016-05-01,AMJ,0.42,0.54
CSU CLIPR,2016-06-01,MJJ,-0.1,0.41
CSU CLIPR,2016-07-01,JJA,-0.38,-0.12
CSU CLIPR,2016-08-01,JAS,-0.54,-0.7
CSU CLIPR,2016-09-01,ASO,-0.62,-0.59
CSU CLIPR,2016-10-01,SON,-0.63,-0.77
CSU CLIPR,2016-11-01,OND,-0.57,-0.65
CSU CLIPR,2016-12-01,OND,-0.43,-0.76
CSU CLIPR,2017-01-01,DJF,-0.2,-0.5
CSU CLIPR,2017-02-01,JFM,-0.03,-1.13
CSU CLIPR,2017-03-01,FMA,0.2,-0.11
CSU CLIPR,2017-04-01,MAM,0.3,0.22
CSU CLIPR,2017-05-01,AMJ,0.44,0.41
CSU CLIPR,2017-06-01,MJJ,0.47,0.62
CSU CLIPR,2017-07-01,JJA,0.26,0.29
CSU CLIPR,2017-08-01,JAS,-0.07,0.27
CSU CLIPR,2017-09-01,ASO,-0.35,0.09
CSU CLIPR,2017-10-01,SON,-0.58,0.32
CSU CLIPR,2017-11-01,OND,-0.7,-0.46
CSU CLIPR,2017-12-01,NDJ,-0.79,-0.46
CSU CLIPR,2018-01-01,DJF,-0.81,-0.77
CSU CLIPR,2018-02-01,JFM,-0.79,-0.57
CSU CLIPR,2018-03-01,FMA,-0.68,-0.42
CSU CLIPR,2018-04-01,MAM,-0.41,-0.5
CSU CLIPR,2018-05-01,AMJ,-0.1,0.21
CSU CLIPR,2018-06-01,MJJ,0.12,-0.01
CSU CLIPR,2018-07-01,JJA,0.27,0.19
CSU CLIPR,2018-08-01,JAS,0.31,0.31
CSU CLIPR,2018-09-01,ASO,0.51,0.33
CSU CLIPR,2018-10-01,SON,0.74,0.57
CSU CLIPR,2018-11-01,OND,0.95,0.63
CSU CLIPR,2018-12-01,NDJ,0.82,0.95
CSU CLIPR,2019-01-01,DJF,0.71,0.84
ECMWF,2002-05-01,AMJ,0.54,0.5
ECMWF,2002-06-01,MJJ,0.75,0.65
ECMWF,2002-07-01,JJA,0.98,0.36
ECMWF,2002-08-01,JAS,1.06,0.97
ECMWF,2002-09-01,ASO,1.24,0.98
ECMWF,2002-10-01,SON,1.47,0.75
ECMWF,2002-11-01,OND,1.61,1.27
ECMWF,2002-12-01,NDJ,1.54,1.34
ECMWF,2003-01-01,DJF,1.22,1.19
ECMWF,2003-02-01,JFM,0.9,1.17
ECMWF,2003-03-01,FMA,0.53,0.53
ECMWF,2003-04-01,MAM,0.13,0.17
ECMWF,2003-05-01,AMJ,-0.1,-0.1
ECMWF,2003-06-01,MJJ,-0.01,-0.22
ECMWF,2003-07-01,JJA,0.17,-0.24
ECMWF,2003-08-01,JAS,0.27,-0.12
ECMWF,2003-09-01,ASO,0.36,0.2
ECMWF,2003-10-01,SON,0.48,0.14
ECMWF,2003-11-01,OND,0.52,0.23
ECMWF,2003-12-01,NDJ,0.39,0.57
ECMWF,2004-01-01,DJF,0.27,0.68
ECMWF,2004-02-01,JFM,0.12,0.38
ECMWF,2004-03-01,FMA,0.09,0.29
ECMWF,2004-04-01,MAM,0.14,0.24
ECMWF,2004-05-01,AMJ,0.24,0.36
ECMWF,2004-06-01,MJJ,0.38,0.4
ECMWF,2004-07-01,JJA,0.57,0.61
ECMWF,2004-08-01,JAS,0.76,0.64
ECMWF,2004-09-01,ASO,0.82,0.74
ECMWF,2004-10-01,SON,0.8,0.86
ECMWF,2004-11-01,OND,0.81,0.81
ECMWF,2004-12-01,NDJ,0.75,0.89
ECMWF,2005-01-01,DJF,0.57,0.86
ECMWF,2005-02-01,JFM,0.42,0.5
ECMWF,2005-03-01,FMA,0.34,0.46
ECMWF,2005-04-01,MAM,0.4,0.41
ECMWF,2005-05-01,AMJ,0.45,0.37
ECMWF,2005-06-01,MJJ,0.48,0.32
ECMWF,2005-07-01,JJA,0.37,0.46
ECMWF,2005-08-01,JAS,0.18,0.45
ECMWF,2005-09-01,ASO,0.12,0.14
ECMWF,2005-10-01,SON,0.01,0.15
ECMWF,2005-11-01,OND,-0.2,0.29
ECMWF,2005-12-01,NDJ,-0.54,0.11
ECMWF,2006-01-01,DJF,-0.7,-0.22
ECMWF,2006-02-01,JFM,-0.7,-0.65
ECMWF,2006-03-01,FMA,-0.43,-0.13
ECMWF,2006-04-01,MAM,-0.18,-0.17
ECMWF,2006-05-01,AMJ,0.15,0.12
ECMWF,2006-06-01,MJJ,0.26,0.29
ECMWF,2006-07-01,JJA,0.38,0.21
ECMWF,2006-08-01,JAS,0.5,0.42
ECMWF,2006-09-01,ASO,0.69,0.25
ECMWF,2006-10-01,SON,0.93,0.63
ECMWF,2006-11-01,OND,1.13,1.06
ECMWF,2006-12-01,NDJ,1.08,1.21
ECMWF,2007-01-01,DJF,0.71,1.03
ECMWF,2007-02-01,JFM,0.29,0.59
ECMWF,2007-03-01,FMA,0.08,0.46
ECMWF,2007-04-01,MAM,-0.02,0.06
ECMWF,2007-05-01,AMJ,0,-0.09
ECMWF,2007-06-01,MJJ,-0.14,-0.04
ECMWF,2007-07-01,JJA,-0.24,-0.46
ECMWF,2007-08-01,JAS,-0.54,-1.01
ECMWF,2007-09-01,ASO,-0.92,-0.75
ECMWF,2007-10-01,SON,-1.23,-0.78
ECMWF,2007-11-01,OND,-1.44,-1.09
ECMWF,2007-12-01,NDJ,-1.59,-1.33
ECMWF,2008-01-01,DJF,-1.74,-1.27
ECMWF,2008-02-01,JFM,-1.6,-1.27
ECMWF,2008-03-01,FMA,-1.26,-1.09
ECMWF,2008-04-01,MAM,-0.84,-1
ECMWF,2008-05-01,AMJ,-0.58,-0.85
ECMWF,2008-06-01,MJJ,-0.26,-0.59
ECMWF,2008-07-01,JJA,-0.01,-0.07
ECMWF,2008-08-01,JAS,0.03,0.22
ECMWF,2008-09-01,ASO,-0.11,0.27
ECMWF,2008-10-01,SON,-0.21,0.3
ECMWF,2008-11-01,OND,-0.4,-0.08
ECMWF,2008-12-01,NDJ,-0.65,-0.11
ECMWF,2009-01-01,DJF,-0.8,-0.44
ECMWF,2009-02-01,JFM,-0.72,-0.5
ECMWF,2009-03-01,FMA,-0.44,-0.48
ECMWF,2009-04-01,MAM,-0.13,-0.18
ECMWF,2009-05-01,AMJ,0.24,0
ECMWF,2009-06-01,MJJ,0.59,0.2
ECMWF,2009-07-01,JJA,0.77,0.83
ECMWF,2009-08-01,JAS,0.84,0.96
ECMWF,2009-09-01,ASO,0.88,1.31
ECMWF,2009-10-01,SON,1.18,1.18
ECMWF,2009-11-01,OND,1.51,1.31
ECMWF,2009-12-01,NDJ,1.69,1.18
ECMWF,2010-01-01,DJF,1.54,1.5
ECMWF,2010-02-01,JFM,1.32,1.32
ECMWF,2010-03-01,FMA,1.03,0.94
ECMWF,2010-04-01,MAM,0.6,0.5
ECMWF,2010-05-01,AMJ,0.05,0.2
ECMWF,2010-06-01,MJJ,-0.51,-0.2
ECMWF,2010-07-01,JJA,-0.89,-0.63
ECMWF,2010-08-01,JAS,-1.25,-1.49
ECMWF,2010-09-01,ASO,-1.46,-1.51
ECMWF,2010-10-01,SON,-1.53,-1.51
ECMWF,2010-11-01,OND,-1.52,-1.64
ECMWF,2010-12-01,NDJ,-1.62,-1.62
ECMWF,2011-01-01,DJF,-1.52,-1.4
ECMWF,2011-02-01,JFM,-1.3,-1.16
ECMWF,2011-03-01,FMA,-1.01,-0.83
ECMWF,2011-04-01,MAM,-0.73,-0.67
ECMWF,2011-05-01,AMJ,-0.46,-0.66
ECMWF,2011-06-01,MJJ,-0.27,-0.36
ECMWF,2011-07-01,JJA,-0.36,0.09
ECMWF,2011-08-01,JAS,-0.55,0.05
ECMWF,2011-09-01,ASO,-0.78,-0.14
ECMWF,2011-10-01,SON,-0.92,-0.3
ECMWF,2011-11-01,OND,-1.02,-0.79
ECMWF,2011-12-01,NDJ,-1.06,-1.11
ECMWF,2012-01-01,DJF,-0.94,-0.92
ECMWF,2012-02-01,JFM,-0.78,-0.9
ECMWF,2012-03-01,FMA,-0.55,-0.46
ECMWF,2012-04-01,MAM,-0.34,-0.16
ECMWF,2012-05-01,AMJ,-0.04,0.14
ECMWF,2012-06-01,MJJ,0.27,0.26
ECMWF,2012-07-01,JJA,0.52,0.55
ECMWF,2012-08-01,JAS,0.59,0.65
ECMWF,2012-09-01,ASO,0.51,0.79
ECMWF,2012-10-01,SON,0.39,0.53
ECMWF,2012-11-01,OND,0.19,0.27
ECMWF,2012-12-01,NDJ,-0.05,0.26
ECMWF,2013-01-01,DJF,-0.31,-0.01
ECMWF,2013-02-01,JFM,-0.34,-0.11
ECMWF,2013-03-01,FMA,-0.24,-0.26
ECMWF,2013-04-01,MAM,-0.2,-0.03
ECMWF,2013-05-01,AMJ,-0.19,0.12
ECMWF,2013-06-01,MJJ,-0.26,-0.22
ECMWF,2013-07-01,JJA,-0.27,0.02
ECMWF,2013-08-01,JAS,-0.21,-0.01
ECMWF,2013-09-01,ASO,-0.23,0.09
ECMWF,2013-10-01,SON,-0.13,0.26
ECMWF,2013-11-01,OND,-0.12,0.08
ECMWF,2013-12-01,NDJ,-0.18,0.12
ECMWF,2014-01-01,DJF,-0.37,0.05
ECMWF,2014-02-01,JFM,-0.43,-0.06
ECMWF,2014-03-01,FMA,-0.18,-0.11
ECMWF,2014-04-01,MAM,0.16,0.2
ECMWF,2014-05-01,AMJ,0.39,0.57
ECMWF,2014-06-01,MJJ,0.37,0.87
ECMWF,2014-07-01,JJA,0.28,0.6
ECMWF,2014-08-01,JAS,0.28,0.54
ECMWF,2014-09-01,ASO,0.38,0.59
ECMWF,2014-10-01,SON,0.6,0.66
ECMWF,2014-11-01,OND,0.71,0.69
ECMWF,2014-12-01,NDJ,0.72,0.82
ECMWF,2015-01-01,DJF,0.62,0.81
ECMWF,2015-02-01,JFM,0.56,0.75
ECMWF,2015-03-01,FMA,0.64,0.64
ECMWF,2015-04-01,MAM,0.8,0.78
ECMWF,2015-05-01,AMJ,1.04,0.96
ECMWF,2015-06-01,MJJ,1.32,1.47
ECMWF,2015-07-01,JJA,1.66,1.48
ECMWF,2015-08-01,JAS,1.98,2.03
ECMWF,2015-09-01,ASO,2.27,2.35
ECMWF,2015-10-01,SON,2.57,2.45
ECMWF,2015-11-01,OND,2.74,2.62
ECMWF,2015-12-01,NDJ,2.79,2.63
ECMWF,2016-01-01,DJF,2.61,2.39
ECMWF,2016-02-01,JFM,2.23,2.16
ECMWF,2016-03-01,FMA,1.72,1.73
ECMWF,2016-04-01,MAM,1.02,0.89
ECMWF,2016-05-01,AMJ,0.42,0.05
ECMWF,2016-06-01,MJJ,-0.1,-0.48
ECMWF,2016-07-01,JJA,-0.38,-0.55
ECMWF,2016-08-01,JAS,-0.54,-0.37
ECMWF,2016-09-01,ASO,-0.62,-0.25
ECMWF,2016-10-01,SON,-0.63,-0.23
ECMWF,2016-11-01,OND,-0.57,-0.31
ECMWF,2016-12-01,OND,-0.43,-0.37
ECMWF,2017-01-01,DJF,-0.2,-0.22
ECMWF,2017-02-01,JFM,-0.03,0.01
ECMWF,2017-03-01,FMA,0.2,0.18
ECMWF,2017-04-01,MAM,0.3,0.39
ECMWF,2017-05-01,AMJ,0.44,0.43
ECMWF,2017-06-01,MJJ,0.47,0.59
ECMWF,2017-07-01,JJA,0.26,0.32
ECMWF,2017-08-01,JAS,-0.07,0.4
ECMWF,2017-09-01,ASO,-0.35,-0.03
ECMWF,2017-10-01,SON,-0.58,-0.61
ECMWF,2017-11-01,OND,-0.7,-0.75
ECMWF,2017-12-01,NDJ,-0.79,-0.84
ECMWF,2018-01-01,DJF,-0.81,-0.87
ECMWF,2018-02-01,JFM,-0.79,-0.65
ECMWF,2018-03-01,FMA,-0.68,-0.47
ECMWF,2018-04-01,MAM,-0.41,-0.44
ECMWF,2018-05-01,AMJ,-0.1,-0.13
ECMWF,2018-06-01,MJJ,0.12,0.11
ECMWF,2018-07-01,JJA,0.27,0.48
ECMWF,2018-08-01,JAS,0.31,0.63
ECMWF,2018-09-01,ASO,0.51,0.52
ECMWF,2018-10-01,SON,0.74,0.54
ECMWF,2018-11-01,OND,0.95,1.08
ECMWF,2018-12-01,NDJ,0.82,1
ECMWF,2019-01-01,DJF,0.71,0.88
JMA,2002-05-01,AMJ,0.54,0.7
JMA,2002-06-01,MJJ,0.75,0.93
JMA,2002-07-01,JJA,0.98,0.85
JMA,2002-08-01,JAS,1.06,0.76
JMA,2002-09-01,ASO,1.24,0.77
JMA,2002-10-01,SON,1.47,0.95
JMA,2002-11-01,OND,1.61,1.19
JMA,2002-12-01,NDJ,1.54,1.34
JMA,2003-01-01,DJF,1.22,1.31
JMA,2003-02-01,JFM,0.9,1.12
JMA,2003-03-01,FMA,0.53,0.94
JMA,2003-04-01,MAM,0.13,0.94
JMA,2003-05-01,AMJ,-0.1,0.71
JMA,2003-06-01,MJJ,-0.01,0.52
JMA,2003-07-01,JJA,0.17,0.12
JMA,2003-08-01,JAS,0.27,-0.41
JMA,2003-09-01,ASO,0.36,-0.22
JMA,2003-10-01,SON,0.48,-0.12
JMA,2003-11-01,OND,0.52,-0.11
JMA,2003-12-01,NDJ,0.39,0.51
JMA,2004-01-01,DJF,0.27,0.6
JMA,2004-02-01,JFM,0.12,0.67
JMA,2004-03-01,FMA,0.09,0.68
JMA,2004-04-01,MAM,0.14,0.61
JMA,2004-05-01,AMJ,0.24,0.55
JMA,2004-06-01,MJJ,0.38,0.62
JMA,2004-07-01,JJA,0.57,0.57
JMA,2004-08-01,JAS,0.76,0.58
JMA,2004-09-01,ASO,0.82,0.54
JMA,2004-10-01,SON,0.8,0.77
JMA,2004-11-01,OND,0.81,0.57
JMA,2004-12-01,NDJ,0.75,0.72
JMA,2005-01-01,DJF,0.57,0.91
JMA,2005-02-01,JFM,0.42,0.82
JMA,2005-03-01,FMA,0.34,0.82
JMA,2005-04-01,MAM,0.4,0.72
JMA,2005-05-01,AMJ,0.45,0.77
JMA,2005-06-01,MJJ,0.48,0.81
JMA,2005-07-01,JJA,0.37,0.23
JMA,2005-08-01,JAS,0.18,0.01
JMA,2005-09-01,ASO,0.12,0.24
JMA,2005-10-01,SON,0.01,0.15
JMA,2005-11-01,OND,-0.2,0.06
JMA,2005-12-01,NDJ,-0.54,0.06
JMA,2006-01-01,DJF,-0.7,-0.16
JMA,2006-02-01,JFM,-0.7,-0.62
JMA,2006-03-01,FMA,-0.43,-0.28
JMA,2006-04-01,MAM,-0.18,-0.32
JMA,2006-05-01,AMJ,0.15,-0.06
JMA,2006-06-01,MJJ,0.26,0.11
JMA,2006-07-01,JJA,0.38,0.25
JMA,2006-08-01,JAS,0.5,0.21
JMA,2006-09-01,ASO,0.69,0.25
JMA,2006-10-01,SON,0.93,0.33
JMA,2006-11-01,OND,1.13,0.59
JMA,2006-12-01,NDJ,1.08,0.83
JMA,2007-01-01,DJF,0.71,0.83
JMA,2007-02-01,JFM,0.29,0.61
JMA,2007-03-01,FMA,0.08,0.29
JMA,2007-04-01,MAM,-0.02,-0.18
JMA,2007-05-01,AMJ,0,-0.26
JMA,2007-06-01,MJJ,-0.14,-0.35
JMA,2007-07-01,JJA,-0.24,-0.64
JMA,2007-08-01,JAS,-0.54,-1.09
JMA,2007-09-01,ASO,-0.92,-1.09
JMA,2007-10-01,SON,-1.23,-1.34
JMA,2007-11-01,OND,-1.44,-1.8
JMA,2007-12-01,NDJ,-1.59,-1.81
JMA,2008-01-01,DJF,-1.74,-1.8
JMA,2008-02-01,JFM,-1.6,-1.65
JMA,2008-03-01,FMA,-1.26,-1.43
JMA,2008-04-01,MAM,-0.84,-1.26
JMA,2008-05-01,AMJ,-0.58,-0.78
JMA,2008-06-01,MJJ,-0.26,-0.43
JMA,2008-07-01,JJA,-0.01,-0.28
JMA,2008-08-01,JAS,0.03,-0.2
JMA,2008-09-01,ASO,-0.11,-0.4
JMA,2008-10-01,SON,-0.21,-0.52
JMA,2008-11-01,OND,-0.4,-0.57
JMA,2008-12-01,NDJ,-0.65,-0.71
JMA,2009-01-01,DJF,-0.8,-0.83
JMA,2009-02-01,JFM,-0.72,-1.06
JMA,2009-03-01,FMA,-0.44,-0.91
JMA,2009-04-01,MAM,-0.13,-0.4
JMA,2009-05-01,AMJ,0.24,-0.02
JMA,2009-06-01,MJJ,0.59,0.34
JMA,2009-07-01,JJA,0.77,0.79
JMA,2009-08-01,JAS,0.84,0.94
JMA,2009-09-01,ASO,0.88,0.77
JMA,2009-10-01,SON,1.18,1.07
JMA,2009-11-01,OND,1.51,1.16
JMA,2009-12-01,NDJ,1.69,1.61
JMA,2010-01-01,DJF,1.54,1.8
JMA,2010-02-01,JFM,1.32,1.53
JMA,2010-03-01,FMA,1.03,1.06
JMA,2010-04-01,MAM,0.6,0.79
JMA,2010-05-01,AMJ,0.05,0.46
JMA,2010-06-01,MJJ,-0.51,0.01
JMA,2010-07-01,JJA,-0.89,-0.64
JMA,2010-08-01,JAS,-1.25,-1.17
JMA,2010-09-01,ASO,-1.46,-1.1
JMA,2010-10-01,SON,-1.53,-1.29
JMA,2010-11-01,OND,-1.52,-1.38
JMA,2010-12-01,NDJ,-1.62,-1.21
JMA,2011-01-01,DJF,-1.52,-1.05
JMA,2011-02-01,JFM,-1.3,-1.12
JMA,2011-03-01,FMA,-1.01,-0.63
JMA,2011-04-01,MAM,-0.73,-0.22
JMA,2011-05-01,AMJ,-0.46,0.01
JMA,2011-06-01,MJJ,-0.27,0.26
JMA,2011-07-01,JJA,-0.36,0.37
JMA,2011-08-01,JAS,-0.55,0.18
JMA,2011-09-01,ASO,-0.78,-0.07
JMA,2011-10-01,SON,-0.92,-0.32
JMA,2011-11-01,OND,-1.02,-0.47
JMA,2011-12-01,NDJ,-1.06,-0.64
JMA,2012-01-01,DJF,-0.94,-0.49
JMA,2012-02-01,JFM,-0.78,-0.55
JMA,2012-03-01,FMA,-0.55,-0.39
JMA,2012-04-01,MAM,-0.34,-0.02
JMA,2012-05-01,AMJ,-0.04,0.24
JMA,2012-06-01,MJJ,0.27,0.52
JMA,2012-07-01,JJA,0.52,0.75
JMA,2012-08-01,JAS,0.59,1.13
JMA,2012-09-01,ASO,0.51,1.18
JMA,2012-10-01,SON,0.39,0.77
JMA,2012-11-01,OND,0.19,0.45
JMA,2012-12-01,NDJ,-0.05,0.35
JMA,2013-01-01,DJF,-0.31,0.16
JMA,2013-02-01,JFM,-0.34,-0.31
JMA,2013-03-01,FMA,-0.24,-0.54
JMA,2013-04-01,MAM,-0.2,-0.16
JMA,2013-05-01,AMJ,-0.19,0.17
JMA,2013-06-01,MJJ,-0.26,0.03
JMA,2013-07-01,JJA,-0.27,-0.11
JMA,2013-08-01,JAS,-0.21,-0.29
JMA,2013-09-01,ASO,-0.23,-0.28
JMA,2013-10-01,SON,-0.13,-0.03
JMA,2013-11-01,OND,-0.12,-0.07
JMA,2013-12-01,NDJ,-0.18,0.02
JMA,2014-01-01,DJF,-0.37,0.09
JMA,2014-02-01,JFM,-0.43,-0.1
JMA,2014-03-01,FMA,-0.18,-0.23
JMA,2014-04-01,MAM,0.16,-0.04
JMA,2014-05-01,AMJ,0.39,0.47
JMA,2014-06-01,MJJ,0.37,0.71
JMA,2014-07-01,JJA,0.28,0.55
JMA,2014-08-01,JAS,0.28,0.17
JMA,2014-09-01,ASO,0.38,0.15
JMA,2014-10-01,SON,0.6,0.46
JMA,2014-11-01,OND,0.71,0.61
JMA,2014-12-01,NDJ,0.72,0.69
JMA,2015-01-01,DJF,0.62,0.92
JMA,2015-02-01,JFM,0.56,0.5
JMA,2015-03-01,FMA,0.64,0.44
JMA,2015-04-01,MAM,0.8,0.65
JMA,2015-05-01,AMJ,1.04,0.83
JMA,2015-06-01,MJJ,1.32,1.22
JMA,2015-07-01,JJA,1.66,1.59
JMA,2015-08-01,JAS,1.98,1.63
JMA,2015-09-01,ASO,2.27,2
JMA,2015-10-01,SON,2.57,2.35
JMA,2015-11-01,OND,2.74,2.67
JMA,2015-12-01,NDJ,2.79,2.4
JMA,2016-01-01,DJF,2.61,2.06
JMA,2016-02-01,JFM,2.23,1.94
JMA,2016-03-01,FMA,1.72,1.76
JMA,2016-04-01,MAM,1.02,1.48
JMA,2016-05-01,AMJ,0.42,0.82
JMA,2016-06-01,MJJ,-0.1,-0.4
JMA,2016-07-01,JJA,-0.38,-0.65
JMA,2016-08-01,JAS,-0.54,-0.77
JMA,2016-09-01,ASO,-0.62,-0.88
JMA,2016-10-01,SON,-0.63,-0.68
JMA,2016-11-01,OND,-0.57,-0.61
JMA,2016-12-01,OND,-0.43,-0.94
JMA,2017-01-01,DJF,-0.2,-0.8
JMA,2017-02-01,JFM,-0.03,-0.54
JMA,2017-03-01,FMA,0.2,-0.05
JMA,2017-04-01,MAM,0.3,0.44
JMA,2017-05-01,AMJ,0.44,0.67
JMA,2017-06-01,MJJ,0.47,0.65
JMA,2017-07-01,JJA,0.26,0.27
JMA,2017-08-01,JAS,-0.07,0.1
JMA,2017-09-01,ASO,-0.35,-0.33
JMA,2017-10-01,SON,-0.58,-0.65
JMA,2017-11-01,OND,-0.7,-0.82
JMA,2017-12-01,NDJ,-0.79,-0.92
JMA,2018-01-01,DJF,-0.81,-1.01
JMA,2018-02-01,JFM,-0.79,-0.83
JMA,2018-03-01,FMA,-0.68,-0.58
JMA,2018-04-01,MAM,-0.41,-0.5
JMA,2018-05-01,AMJ,-0.1,-0.24
JMA,2018-06-01,MJJ,0.12,0.01
JMA,2018-07-01,JJA,0.27,0.23
JMA,2018-08-01,JAS,0.31,0.37
JMA,2018-09-01,ASO,0.51,0.45
JMA,2018-10-01,SON,0.74,0.41
JMA,2018-11-01,OND,0.95,0.66
JMA,2018-12-01,NDJ,0.82,1.08
JMA,2019-01-01,DJF,0.71,0.99
KMA SNU,2002-05-01,AMJ,0.54,0.4
KMA SNU,2002-06-01,MJJ,0.75,0.38
KMA SNU,2002-07-01,JJA,0.98,0.37
KMA SNU,2002-08-01,JAS,1.06,0.45
KMA SNU,2002-09-01,ASO,1.24,0.79
KMA SNU,2002-10-01,SON,1.47,1.13
KMA SNU,2002-11-01,OND,1.61,1.22
KMA SNU,2002-12-01,NDJ,1.54,1.37
KMA SNU,2003-01-01,DJF,1.22,1.43
KMA SNU,2003-02-01,JFM,0.9,1.3
KMA SNU,2003-03-01,FMA,0.53,0.67
KMA SNU,2003-04-01,MAM,0.13,0.33
KMA SNU,2003-05-01,AMJ,-0.1,-0.07
KMA SNU,2003-06-01,MJJ,-0.01,-0.3
KMA SNU,2003-07-01,JJA,0.17,-0.57
KMA SNU,2003-08-01,JAS,0.27,-0.27
KMA SNU,2003-09-01,ASO,0.36,0.1
KMA SNU,2003-10-01,SON,0.48,0.17
KMA SNU,2003-11-01,OND,0.52,0.32
KMA SNU,2003-12-01,NDJ,0.39,0.34
KMA SNU,2004-01-01,DJF,0.27,0.22
KMA SNU,2004-02-01,JFM,0.12,-0.06
KMA SNU,2004-03-01,FMA,0.09,-0.12
KMA SNU,2004-04-01,MAM,0.14,-0.16
KMA SNU,2004-05-01,AMJ,0.24,-0.17
KMA SNU,2004-06-01,MJJ,0.38,-0.24
KMA SNU,2004-07-01,JJA,0.57,-0.05
KMA SNU,2004-08-01,JAS,0.76,0.08
KMA SNU,2004-09-01,ASO,0.82,0.45
KMA SNU,2004-10-01,SON,0.8,0.44
KMA SNU,2004-11-01,OND,0.81,0.39
KMA SNU,2004-12-01,NDJ,0.75,0.41
KMA SNU,2005-01-01,DJF,0.57,0.49
KMA SNU,2005-02-01,JFM,0.42,0.45
KMA SNU,2005-03-01,FMA,0.34,0.23
KMA SNU,2005-04-01,MAM,0.4,0.09
KMA SNU,2005-05-01,AMJ,0.45,0.06
KMA SNU,2005-06-01,MJJ,0.48,0.12
KMA SNU,2005-07-01,JJA,0.37,0.19
KMA SNU,2005-08-01,JAS,0.18,0.37
KMA SNU,2005-09-01,ASO,0.12,0.26
KMA SNU,2005-10-01,SON,0.01,0.2
KMA SNU,2005-11-01,OND,-0.2,0.12
KMA SNU,2005-12-01,NDJ,-0.54,-0.35
KMA SNU,2006-01-01,DJF,-0.7,-0.44
KMA SNU,2006-02-01,JFM,-0.7,-0.58
KMA SNU,2006-03-01,FMA,-0.43,-0.72
KMA SNU,2006-04-01,MAM,-0.18,-0.55
KMA SNU,2006-05-01,AMJ,0.15,-0.34
KMA SNU,2006-06-01,MJJ,0.26,-0.04
KMA SNU,2006-07-01,JJA,0.38,0.46
KMA SNU,2006-08-01,JAS,0.5,0.7
KMA SNU,2006-09-01,ASO,0.69,0.83
KMA SNU,2006-10-01,SON,0.93,0.99
KMA SNU,2006-11-01,OND,1.13,0.93
KMA SNU,2006-12-01,NDJ,1.08,0.94
KMA SNU,2007-01-01,DJF,0.71,0.94
KMA SNU,2007-02-01,JFM,0.29,0.96
KMA SNU,2007-03-01,FMA,0.08,0.6
KMA SNU,2007-04-01,MAM,-0.02,0.09
KMA SNU,2007-05-01,AMJ,0,-0.29
KMA SNU,2007-06-01,MJJ,-0.14,-0.38
KMA SNU,2007-07-01,JJA,-0.24,-0.44
KMA SNU,2007-08-01,JAS,-0.54,-0.38
KMA SNU,2007-09-01,ASO,-0.92,-0.32
KMA SNU,2007-10-01,SON,-1.23,-0.49
KMA SNU,2007-11-01,OND,-1.44,-0.79
KMA SNU,2007-12-01,NDJ,-1.59,-1.11
KMA SNU,2008-01-01,DJF,-1.74,-1.29
KMA SNU,2008-02-01,JFM,-1.6,-1.17
KMA SNU,2008-03-01,FMA,-1.26,-1.09
KMA SNU,2008-04-01,MAM,-0.84,-0.98
KMA SNU,2008-05-01,AMJ,-0.58,-0.59
KMA SNU,2008-06-01,MJJ,-0.26,-0.38
KMA SNU,2008-07-01,JJA,-0.01,-0.03
KMA SNU,2008-08-01,JAS,0.03,0.11
KMA SNU,2008-09-01,ASO,-0.11,0.12
KMA SNU,2008-10-01,SON,-0.21,0.23
KMA SNU,2008-11-01,OND,-0.4,-0.02
KMA SNU,2008-12-01,NDJ,-0.65,-0.16
KMA SNU,2009-01-01,DJF,-0.8,-0.42
KMA SNU,2009-02-01,JFM,-0.72,-0.59
KMA SNU,2009-03-01,FMA,-0.44,-0.53
KMA SNU,2009-04-01,MAM,-0.13,-0.45
KMA SNU,2009-05-01,AMJ,0.24,-0.23
KMA SNU,2009-06-01,MJJ,0.59,0.07
KMA SNU,2009-07-01,JJA,0.77,0.32
KMA SNU,2009-08-01,JAS,0.84,0.77
KMA SNU,2009-09-01,ASO,0.88,0.99
KMA SNU,2009-10-01,SON,1.18,1.05
KMA SNU,2009-11-01,OND,1.51,0.82
KMA SNU,2009-12-01,NDJ,1.69,0.84
KMA SNU,2010-01-01,DJF,1.54,1.15
KMA SNU,2010-02-01,JFM,1.32,1.28
KMA SNU,2010-03-01,FMA,1.03,1.14
KMA SNU,2010-04-01,MAM,0.6,0.78
KMA SNU,2010-05-01,AMJ,0.05,0.43
KMA SNU,2010-06-01,MJJ,-0.51,0.15
KMA SNU,2010-07-01,JJA,-0.89,-0.68
KMA SNU,2010-08-01,JAS,-1.25,-1.14
KMA SNU,2010-09-01,ASO,-1.46,-1.04
KMA SNU,2010-10-01,SON,-1.53,-0.79
KMA SNU,2010-11-01,OND,-1.52,-1.19
KMA SNU,2010-12-01,NDJ,-1.62,-1.16
KMA SNU,2011-01-01,DJF,-1.52,-1.13
KMA SNU,2011-02-01,JFM,-1.3,-1.2
KMA SNU,2011-03-01,FMA,-1.01,-1.23
KMA SNU,2011-04-01,MAM,-0.73,-0.97
KMA SNU,2011-05-01,AMJ,-0.46,-0.7
KMA SNU,2011-06-01,MJJ,-0.27,-0.36
KMA SNU,2011-07-01,JJA,-0.36,-0.05
KMA SNU,2011-08-01,JAS,-0.55,0.07
KMA SNU,2011-09-01,ASO,-0.78,-0.1
KMA SNU,2011-10-01,SON,-0.92,-0.26
KMA SNU,2011-11-01,OND,-1.02,-0.43
KMA SNU,2011-12-01,NDJ,-1.06,-0.56
KMA SNU,2012-01-01,DJF,-0.94,-0.56
KMA SNU,2012-02-01,JFM,-0.78,-0.54
KMA SNU,2012-03-01,FMA,-0.55,-0.32
KMA SNU,2012-04-01,MAM,-0.34,-0.28
KMA SNU,2012-05-01,AMJ,-0.04,-0.21
KMA SNU,2012-06-01,MJJ,0.27,0.13
KMA SNU,2012-07-01,JJA,0.52,0.36
KMA SNU,2012-08-01,JAS,0.59,0.76
KMA SNU,2012-09-01,ASO,0.51,0.87
KMA SNU,2012-10-01,SON,0.39,0.79
KMA SNU,2012-11-01,OND,0.19,0.56
KMA SNU,2012-12-01,NDJ,-0.05,0.32
KMA SNU,2013-01-01,DJF,-0.31,0.1
KMA SNU,2013-02-01,JFM,-0.34,-0.23
KMA SNU,2013-03-01,FMA,-0.24,-0.43
KMA SNU,2013-04-01,MAM,-0.2,-0.43
KMA SNU,2013-05-01,AMJ,-0.19,-0.35
KMA SNU,2013-06-01,MJJ,-0.26,-0.32
KMA SNU,2013-07-01,JJA,-0.27,-0.19
KMA SNU,2013-08-01,JAS,-0.21,0.07
KMA SNU,2013-09-01,ASO,-0.23,0.02
KMA SNU,2013-10-01,SON,-0.13,-0.1
KMA SNU,2013-11-01,OND,-0.12,-0.06
KMA SNU,2013-12-01,NDJ,-0.18,0.23
KMA SNU,2014-01-01,DJF,-0.37,0.44
KMA SNU,2014-02-01,JFM,-0.43,0.18
KMA SNU,2014-03-01,FMA,-0.18,-0.09
KMA SNU,2014-04-01,MAM,0.16,0.05
KMA SNU,2014-05-01,AMJ,0.39,0.36
KMA SNU,2014-06-01,MJJ,0.37,0.53
KMA SNU,2014-07-01,JJA,0.28,0.76
KMA SNU,2014-08-01,JAS,0.28,0.83
KMA SNU,2014-09-01,ASO,0.38,0.74
KMA SNU,2014-10-01,SON,0.6,0.79
KMA SNU,2014-11-01,OND,0.71,0.59
KMA SNU,2014-12-01,NDJ,0.72,0.56
KMA SNU,2015-01-01,DJF,0.62,0.81
KMA SNU,2015-02-01,JFM,0.56,0.68
KMA SNU,2015-03-01,FMA,0.64,0.46
KMA SNU,2015-04-01,MAM,0.8,0.46
KMA SNU,2015-05-01,AMJ,1.04,0.5
KMA SNU,2015-06-01,MJJ,1.32,0.77
KMA SNU,2015-07-01,JJA,1.66,1.05
KMA SNU,2015-08-01,JAS,1.98,1.4
KMA SNU,2015-09-01,ASO,2.27,1.76
KMA SNU,2015-10-01,SON,2.57,1.88
KMA SNU,2015-11-01,OND,2.74,1.84
KMA SNU,2015-12-01,NDJ,2.79,1.74
KMA SNU,2016-01-01,DJF,2.61,1.73
KMA SNU,2016-02-01,JFM,2.23,1.72
KMA SNU,2016-03-01,FMA,1.72,1.63
KMA SNU,2016-04-01,MAM,1.02,1.34
KMA SNU,2016-05-01,AMJ,0.42,1
KMA SNU,2016-06-01,MJJ,-0.1,0.53
KMA SNU,2016-07-01,JJA,-0.38,-0.18
KMA SNU,2016-08-01,JAS,-0.54,-0.65
KMA SNU,2016-09-01,ASO,-0.62,-0.8
KMA SNU,2016-10-01,SON,-0.63,-0.77
KMA SNU,2016-11-01,OND,-0.57,-0.61
KMA SNU,2016-12-01,OND,-0.43,-0.47
KMA SNU,2017-01-01,DJF,-0.2,-0.24
KMA SNU,2017-02-01,JFM,-0.03,-0.16
KMA SNU,2017-03-01,FMA,0.2,-0.32
KMA SNU,2017-04-01,MAM,0.3,-0.03
KMA SNU,2017-05-01,AMJ,0.44,0.05
KMA SNU,2017-06-01,MJJ,0.47,0.28
KMA SNU,2017-07-01,JJA,0.26,0.46
KMA SNU,2017-08-01,JAS,-0.07,0.51
KMA SNU,2017-09-01,ASO,-0.35,0.21
KMA SNU,2017-10-01,SON,-0.58,-0.28
KMA SNU,2017-11-01,OND,-0.7,-0.5
KMA SNU,2017-12-01,NDJ,-0.79,-0.45
KMA SNU,2018-01-01,DJF,-0.81,-0.54
KMA SNU,2018-02-01,JFM,-0.79,-0.51
KMA SNU,2018-03-01,FMA,-0.68,-0.56
KMA SNU,2018-04-01,MAM,-0.41,-0.55
KMA SNU,2018-05-01,AMJ,-0.1,-0.46
KMA SNU,2018-06-01,MJJ,0.12,-0.24
KMA SNU,2018-07-01,JJA,0.27,0.03
KMA SNU,2018-08-01,JAS,0.31,0.57
KMA SNU,2018-09-01,ASO,0.51,0.82
KMA SNU,2018-10-01,SON,0.74,0.86
KMA SNU,2018-11-01,OND,0.95,1.06
KMA SNU,2018-12-01,NDJ,0.82,1.23
KMA SNU,2019-01-01,DJF,0.71,1.18
LDEO,2002-05-01,AMJ,0.54,0.2
LDEO,2002-06-01,MJJ,0.75,0.12
LDEO,2002-07-01,JJA,0.98,0.58
LDEO,2002-08-01,JAS,1.06,0.73
LDEO,2002-09-01,ASO,1.24,0.85
LDEO,2002-10-01,SON,1.47,1.38
LDEO,2002-11-01,OND,1.61,1.57
LDEO,2002-12-01,NDJ,1.54,1.8
LDEO,2003-01-01,DJF,1.22,1.62
LDEO,2003-02-01,JFM,0.9,1.49
LDEO,2003-03-01,FMA,0.53,0.7
LDEO,2003-04-01,MAM,0.13,0.16
LDEO,2003-05-01,AMJ,-0.1,0.25
LDEO,2003-06-01,MJJ,-0.01,-0.27
LDEO,2003-07-01,JJA,0.17,-0.26
LDEO,2003-08-01,JAS,0.27,-0.2
LDEO,2003-09-01,ASO,0.36,0.4
LDEO,2003-10-01,SON,0.48,0.23
LDEO,2003-11-01,OND,0.52,0.36
LDEO,2003-12-01,NDJ,0.39,0.5
LDEO,2004-01-01,DJF,0.27,0.28
LDEO,2004-02-01,JFM,0.12,0.13
LDEO,2004-03-01,FMA,0.09,0.07
LDEO,2004-04-01,MAM,0.14,0.05
LDEO,2004-05-01,AMJ,0.24,0.2
LDEO,2004-06-01,MJJ,0.38,0.43
LDEO,2004-07-01,JJA,0.57,0.33
LDEO,2004-08-01,JAS,0.76,0.47
LDEO,2004-09-01,ASO,0.82,0.82
LDEO,2004-10-01,SON,0.8,1.03
LDEO,2004-11-01,OND,0.81,0.99
LDEO,2004-12-01,NDJ,0.75,0.85
LDEO,2005-01-01,DJF,0.57,0.75
LDEO,2005-02-01,JFM,0.42,0.75
LDEO,2005-03-01,FMA,0.34,0.41
LDEO,2005-04-01,MAM,0.4,0.37
LDEO,2005-05-01,AMJ,0.45,0.34
LDEO,2005-06-01,MJJ,0.48,0.4
LDEO,2005-07-01,JJA,0.37,0.35
LDEO,2005-08-01,JAS,0.18,0.71
LDEO,2005-09-01,ASO,0.12,0.47
LDEO,2005-10-01,SON,0.01,0.61
LDEO,2005-11-01,OND,-0.2,0.4
LDEO,2005-12-01,NDJ,-0.54,0.34
LDEO,2006-01-01,DJF,-0.7,-0.38
LDEO,2006-02-01,JFM,-0.7,-0.42
LDEO,2006-03-01,FMA,-0.43,-0.18
LDEO,2006-04-01,MAM,-0.18,-0.17
LDEO,2006-05-01,AMJ,0.15,-0.26
LDEO,2006-06-01,MJJ,0.26,0.1
LDEO,2006-07-01,JJA,0.38,0.56
LDEO,2006-08-01,JAS,0.5,0.27
LDEO,2006-09-01,ASO,0.69,0.44
LDEO,2006-10-01,SON,0.93,0.77
LDEO,2006-11-01,OND,1.13,0.88
LDEO,2006-12-01,NDJ,1.08,0.94
LDEO,2007-01-01,DJF,0.71,0.91
LDEO,2007-02-01,JFM,0.29,0.98
LDEO,2007-03-01,FMA,0.08,0.69
LDEO,2007-04-01,MAM,-0.02,0.13
LDEO,2007-05-01,AMJ,0,-0.29
LDEO,2007-06-01,MJJ,-0.14,-0.46
LDEO,2007-07-01,JJA,-0.24,-0.56
LDEO,2007-08-01,JAS,-0.54,-0.89
LDEO,2007-09-01,ASO,-0.92,-0.8
LDEO,2007-10-01,SON,-1.23,-0.77
LDEO,2007-11-01,OND,-1.44,-0.77
LDEO,2007-12-01,NDJ,-1.59,-0.89
LDEO,2008-01-01,DJF,-1.74,-1.38
LDEO,2008-02-01,JFM,-1.6,-1.05
LDEO,2008-03-01,FMA,-1.26,-1.17
LDEO,2008-04-01,MAM,-0.84,-1.42
LDEO,2008-05-01,AMJ,-0.58,-1.18
LDEO,2008-06-01,MJJ,-0.26,-0.44
LDEO,2008-07-01,JJA,-0.01,-0.35
LDEO,2008-08-01,JAS,0.03,0.26
LDEO,2008-09-01,ASO,-0.11,0.05
LDEO,2008-10-01,SON,-0.21,0.04
LDEO,2008-11-01,OND,-0.4,-0.31
LDEO,2008-12-01,NDJ,-0.65,-0.5
LDEO,2009-01-01,DJF,-0.8,-0.31
LDEO,2009-02-01,JFM,-0.72,-0.28
LDEO,2009-03-01,FMA,-0.44,-0.42
LDEO,2009-04-01,MAM,-0.13,-0.37
LDEO,2009-05-01,AMJ,0.24,-0.38
LDEO,2009-06-01,MJJ,0.59,-0.12
LDEO,2009-07-01,JJA,0.77,0.28
LDEO,2009-08-01,JAS,0.84,0.48
LDEO,2009-09-01,ASO,0.88,0.74
LDEO,2009-10-01,SON,1.18,0.78
LDEO,2009-11-01,OND,1.51,0.43
LDEO,2009-12-01,NDJ,1.69,0.75
LDEO,2010-01-01,DJF,1.54,1.19
LDEO,2010-02-01,JFM,1.32,1.37
LDEO,2010-03-01,FMA,1.03,1.06
LDEO,2010-04-01,MAM,0.6,0.86
LDEO,2010-05-01,AMJ,0.05,0.5
LDEO,2010-06-01,MJJ,-0.51,0.43
LDEO,2010-07-01,JJA,-0.89,-0.28
LDEO,2010-08-01,JAS,-1.25,-1.11
LDEO,2010-09-01,ASO,-1.46,-1.3
LDEO,2010-10-01,SON,-1.53,-1.03
LDEO,2010-11-01,OND,-1.52,-1.26
LDEO,2010-12-01,NDJ,-1.62,-1.54
LDEO,2011-01-01,DJF,-1.52,-1.38
LDEO,2011-02-01,JFM,-1.3,-1.01
LDEO,2011-03-01,FMA,-1.01,-0.92
LDEO,2011-04-01,MAM,-0.73,-0.77
LDEO,2011-05-01,AMJ,-0.46,-0.42
LDEO,2011-06-01,MJJ,-0.27,-0.06
LDEO,2011-07-01,JJA,-0.36,-0.01
LDEO,2011-08-01,JAS,-0.55,-0.13
LDEO,2011-09-01,ASO,-0.78,0
LDEO,2011-10-01,SON,-0.92,-0.13
LDEO,2011-11-01,OND,-1.02,-0.41
LDEO,2011-12-01,NDJ,-1.06,-0.69
LDEO,2012-01-01,DJF,-0.94,-0.91
LDEO,2012-02-01,JFM,-0.78,-0.72
LDEO,2012-03-01,FMA,-0.55,-0.56
LDEO,2012-04-01,MAM,-0.34,-0.4
LDEO,2012-05-01,AMJ,-0.04,-0.14
LDEO,2012-06-01,MJJ,0.27,0.23
LDEO,2012-07-01,JJA,0.52,-0.13
LDEO,2012-08-01,JAS,0.59,-0.03
LDEO,2012-09-01,ASO,0.51,0.2
LDEO,2012-10-01,SON,0.39,0.52
LDEO,2012-11-01,OND,0.19,0.76
LDEO,2012-12-01,NDJ,-0.05,0.57
LDEO,2013-01-01,DJF,-0.31,0.29
LDEO,2013-02-01,JFM,-0.34,-0.12
LDEO,2013-03-01,FMA,-0.24,-0.28
LDEO,2013-04-01,MAM,-0.2,-0.42
LDEO,2013-05-01,AMJ,-0.19,-0.27
LDEO,2013-06-01,MJJ,-0.26,0.01
LDEO,2013-07-01,JJA,-0.27,-0.15
LDEO,2013-08-01,JAS,-0.21,-0.43
LDEO,2013-09-01,ASO,-0.23,-0.42
LDEO,2013-10-01,SON,-0.13,-0.48
LDEO,2013-11-01,OND,-0.12,-0.66
LDEO,2013-12-01,NDJ,-0.18,-0.52
LDEO,2014-01-01,DJF,-0.37,-0.34
LDEO,2014-02-01,JFM,-0.43,-0.12
LDEO,2014-03-01,FMA,-0.18,-0.3
LDEO,2014-04-01,MAM,0.16,-0.24
LDEO,2014-05-01,AMJ,0.39,0.11
LDEO,2014-06-01,MJJ,0.37,0.59
LDEO,2014-07-01,JJA,0.28,0.49
LDEO,2014-08-01,JAS,0.28,0.5
LDEO,2014-09-01,ASO,0.38,0.37
LDEO,2014-10-01,SON,0.6,0.16
LDEO,2014-11-01,OND,0.71,0.32
LDEO,2014-12-01,NDJ,0.72,0.3
LDEO,2015-01-01,DJF,0.62,0.61
LDEO,2015-02-01,JFM,0.56,0.79
LDEO,2015-03-01,FMA,0.64,0.56
LDEO,2015-04-01,MAM,0.8,0.47
LDEO,2015-05-01,AMJ,1.04,0.34
LDEO,2015-06-01,MJJ,1.32,0.61
LDEO,2015-07-01,JJA,1.66,0.79
LDEO,2015-08-01,JAS,1.98,0.74
LDEO,2015-09-01,ASO,2.27,2.06
LDEO,2015-10-01,SON,2.57,2.56
LDEO,2015-11-01,OND,2.74,2.59
LDEO,2015-12-01,NDJ,2.79,2.57
LDEO,2016-01-01,DJF,2.61,2.96
LDEO,2016-02-01,JFM,2.23,2.28
LDEO,2016-03-01,FMA,1.72,1.96
LDEO,2016-04-01,MAM,1.02,1.73
LDEO,2016-05-01,AMJ,0.42,1.11
LDEO,2016-06-01,MJJ,-0.1,0.83
LDEO,2016-07-01,JJA,-0.38,0.5
LDEO,2016-08-01,JAS,-0.54,0.17
LDEO,2016-09-01,ASO,-0.62,0.04
LDEO,2016-10-01,SON,-0.63,-0.14
LDEO,2016-11-01,OND,-0.57,-0.28
LDEO,2016-12-01,OND,-0.43,-0.39
LDEO,2017-01-01,DJF,-0.2,-0.02
LDEO,2017-02-01,JFM,-0.03,0.11
LDEO,2017-03-01,FMA,0.2,0.08
LDEO,2017-04-01,MAM,0.3,0.21
LDEO,2017-05-01,AMJ,0.44,0.27
LDEO,2017-06-01,MJJ,0.47,0.5
LDEO,2017-07-01,JJA,0.26,0.41
LDEO,2017-08-01,JAS,-0.07,0.24
LDEO,2017-09-01,ASO,-0.35,0.29
LDEO,2017-10-01,SON,-0.58,0
LDEO,2017-11-01,OND,-0.7,-0.46
LDEO,2017-12-01,NDJ,-0.79,-0.56
LDEO,2018-01-01,DJF,-0.81,-0.4
LDEO,2018-02-01,JFM,-0.79,-0.15
LDEO,2018-03-01,FMA,-0.68,-0.07
LDEO,2018-04-01,MAM,-0.41,-0.18
LDEO,2018-05-01,AMJ,-0.1,-0.1
LDEO,2018-06-01,MJJ,0.12,-0.01
LDEO,2018-07-01,JJA,0.27,0.07
LDEO,2018-08-01,JAS,0.31,0.24
LDEO,2018-09-01,ASO,0.51,0.52
LDEO,2018-10-01,SON,0.74,0.48
LDEO,2018-11-01,OND,0.95,0.47
LDEO,2018-12-01,NDJ,0.82,0.55
LDEO,2019-01-01,DJF,0.71,0.83
